메이l ,2020.12.29,"코디 3겹 로맨틱 코튼 천연펄프 롤화장지 27m, 30롤, 1팩","
                
                    탄탄한 로맨틱코디 휴지 짱!
                
            ","<div class=""sdp-review__article__list__review__content js_reviewArticleContent"">
                    
                        가격 : 10,340원<br>
배송 : 로켓배송으로 화장지 그대로 배송됨<br>
재구매의사 : 재질이 짱짱해 이 제품으로 계속 사용해도 될듯<br>
<br>
● 구매이유<br>
화장지는 늘 누가 주는 것만 써서 어쩌다 한번씩 구입하는데<br>
이제 구매해서 써야할 수 밖에 없어 도톰하고 짱짱한 걸 고르고 골라<br>
이 상품으로 선택했다<br>
<br>
● 향기&amp;재질<br>
스페인의 천연코튼과 라벤더 바닐라향으로 마음까지 부드럽게~<br>
라고 써있는데 일단 막 너무 부드럽다!! 이런건 아니고 적당하다<br>
향기는 라벤더 바닐라향은 나지 않는다 ㅎ.ㅎ 살짝? 향긋하긴한데...<br>
그래도 맘에 드는건 늘 싼 휴지를 사서 손이 젖어 있으면<br>
휴지들이 달라붙는데 이건 재질이 짱짱해서 손에 묻어남이 없다<br>
<br>
● 사용후기<br>
늘 받아써오던 것이 모**자 휴지 중 젤 고급으로 사용했눈데 <br>
그 휴지는 정말 재질이 좋다.<br>
비싸기도 하지만 매우 맘에 들었기에 흡족해 했다. <br>
하지만 지속적으로 소비되는 생필품이기에 가격을 무시할 수가 없다.<br>
그렇기에 난 코디 로맨틱코튼으로 결정했다.<br>
왠지 휴지는 만원 안팍으로 사야지 그 이상이 되면 낭비인거 같은<br>
나의 느낌적인 느낌때문에 ㅠ.ㅠ<br>
내가 제일 싫어하는 휴지는 젖은 손에 묻어 나는 휴지기에<br>
이 제품은 그점에 매우매우 흡족흡족!!<br>
가격이 매우싸면 얇아서 젖은손에 잘 묻어난다.<br>
같은 코디 제품도 싼건 그랬다.<br>
요건 가격면에서도 내맘을 충족충족! 물론 쿠폰행사 때 샀지만<br>
이정도 품질이면 조금 더 주더라도 계속 이 제품을 사용하겠다.<br>
휴지도 잘 뜯긴다~  특히 처음 사용할 때 잘안뜯겨 <br>
질척이는 애들도 있는데 매끄럽게 잘 뜯긴다. <br>
<br>
● 장점<br>
탄탄한 휴지재질이 맘에 쏙!! 깔끔하게 뜯김!!<br>
<br>
● 단점<br>
음.. 라벤더 바닐라향이 뭔진 모르지만 느낄 수 없다 ㅋ<br>
물론 난 향기가 짙은 건 싫으니까 단점이 아닐 수 도 있다 ㅎㅎ
                    
                </div>",https://thumbnail6.coupangcdn.com/thumbnails/local/320/image2/PRODUCTREVIEW/202012/29/7236660600545205440/48de9874-083c-4601-9aac-ff974231679f.jpg,https://thumbnail6.coupangcdn.com/thumbnails/local/q-1/image2/PRODUCTREVIEW/202012/29/7236660600545205440/48de9874-083c-4601-9aac-ff974231679f.jpg
망고팅 ,2021.06.01,"코디 3겹 로맨틱 코튼 천연펄프 롤화장지 27m, 30롤, 1팩","
                
                    코디 30롤 전에 쓰던 깨**** 보다  좋아요.
                
            ","<div class=""sdp-review__article__list__review__content js_reviewArticleContent"">
                    
                        화장지 펑펑쓰는  남편과 아들 동네 슈퍼에서   산  깨****  3겹 30롤  짜리인데<br>
생각보다 얇고 많이 말리지 않은거 같아서 <br>
후딱 써버린거 같네요.<br>
이 번에  쿠팡에서 로맨틱코튼코디 30롤 구매했네요<br>
천연코튼이라  먼지도 안나고 깨끗해서<br>
좋은거 같은데 <br>
라벤다바닐라 향이 넘 약하게 나네요.<br>
몇장 뜯어보면  육안으로도  화장지 품질이<br>
좋아 보이는게 확연히 보여요<br>
전 화장실용으로  청소용으로   미용티슈로<br>
사용을 하는 편인데<br>
코디30롤 맘에듭니다<br>
가격도 저렴하구요.<br>
조금 아쉬운점이 있다면<br>
좀더 향이  강하고<br>
지금보다 더 두터운3겹  이였으면 좋겠어요<br>
한동안 잘 사용할거 같습니다
                    
                </div>",https://thumbnail7.coupangcdn.com/thumbnails/local/320/image2/PRODUCTREVIEW/202106/1/792327113370452367/a6f66846-17a3-45da-bf4e-87d217b91b6c.jpg,https://thumbnail7.coupangcdn.com/thumbnails/local/q-1/image2/PRODUCTREVIEW/202106/1/792327113370452367/a6f66846-17a3-45da-bf4e-87d217b91b6c.jpg
김*미 ,2020.09.16,"코디 3겹 로맨틱 코튼 천연펄프 롤화장지 27m, 30롤, 1팩","
                
                    코디~ 우리집 화장지를 부탁해 ♡
                
            ","<div class=""sdp-review__article__list__review__content js_reviewArticleContent"">
                    
                        촉감.. 타상품 천연펄프 3겹 화장지보다는 조금더 부드러운것 같아요 <br>
두께.. 앰보싱이 되어 있어서 도톰하게 보이구요 기존에 쓰고 있던 3겹 화장지랑 비교 사진 찍었는데 차이가 아주 조금 나는것 같아요 ㅋㅋ<br>
향기.. 고급진 라벤더 바닐라향이 나는것 같아요 은은한 향수 같다고나 할까요 라벤더에 달달한 바닐라향이 난다는게 맞는것 같아요 <br>
후기.. 화장지 질감이 부드러워서인지 사용할때 쓸리는것 없고 앰보싱이 되어 있어서 비데후 손에 물기가 묻어나지 않아서 좋았습니다 (타제품3겹 화장지는 비데후 장수는 조금더 사용함)  안방화장실 들어갈때마다 은은하고 달달한 향기가 나서 기분이 좋아진답니다^^ 아쉬운 점은 화장지 끝 붙이는 과정에서 마무리가 조금 지저분하게 되었다는것 (사진 확인하세요) 이것 말고는 가격 품질 갯수까지 다 마음에 드네요 별 5개입니다^^
                    
                </div>",https://thumbnail6.coupangcdn.com/thumbnails/local/320/image2/PRODUCTREVIEW/202009/16/3467097516186487916/2570c43f-0f68-4856-8cfd-8e6496f7dc41.jpg,https://thumbnail6.coupangcdn.com/thumbnails/local/q-1/image2/PRODUCTREVIEW/202009/16/3467097516186487916/2570c43f-0f68-4856-8cfd-8e6496f7dc41.jpg
mamaj ,2020.03.22,"코디 3겹 로맨틱 코튼 천연펄프 롤화장지 27m, 30롤, 1팩",,"<div class=""sdp-review__article__list__review__content js_reviewArticleContent"">
                    
                        향=처음에 은은한 플로럴향 나다가 점차 무향됨<br>
재질=쓰기에 불편함 없이 부드러워요<br>
두께=얇은세겹<br>
<br>
감아놓은 마감처리가 뜯긴 느낌들 정도로 <br>
깔끔하지 못했어요<br>
한두개 정도만 그렇겠거니 했는데~~~<br>
전체가 다 똑같아서 당황 스러웠답니다(-_-a.)<br>
그러나 롤 두번 정도 풀고나면 정상적으로 깔끔했어요<br>
<br>
마디 끊김은 어쩌다 힘 조절 잘못하면 한쪽이 길게 찢기듯<br>
깔끔하게 끊어지지 않을때도 여러번 있었어요<br>
그럴때면 필요이상 한 마디 더 끊어내야 했답니다(낭비)<br>
<br>
낱장 두께는 얇은3겹 오히려 전 그상태가 두꺼운것 보단 사용하기 편했어요~<br>
평소 2~3번 둘둘감아쓰는 버릇? 있어서 두꺼운거 쓸때 버릇 처럼 쓰다 감은거 도로 풀어낸 적도 있어서......<br>
<br>
향은 다 사용하고 난 제 느낌상~<br>
휴지를 뭉친다음 향을 공중에서 살포?한 느낌 살짝 들었어요<br>
휴지를 3분의 1도 안쓴 정도에서 유향에서~~~~무향으로<br>
바뀌는걸 경험 했거든요<br>
<br>
롤 첫장 너더분한 부분 넘어가면 그다음 부턴 부드럽게<br>
잘 사용할수 있어서 그나마 괜찮게 사용했어요<br>
<br>
✔평소에 오프라인매장 에서 코디 가끔 사용 했던터라<br>
할인권도 있고 해서 할인권 다운하고 코디 여러종류 찜하고 비교 해보고 라벤더 구매 하려다가. 로맨틱으로 주문 했어요<br>
<br>
배달온 상태는 마트에서 배달온건줄 착각했어요 ㅋㅋ<br>
휴지포장 그대로인채 왔거든요 ㅋㅋ<br>
쿠팡에서 화장지 자주 이용 하는데 처음 겪었던 일이라 당황 했다가 긍정적으로 생각 하기로 했어요*~^^~*<br>
비닐포장 쓰레기 안 나오고 좋은 것일수도 있으니까요<br>
2팩 이상은 비닐포장 해서 보내 주시는거 맞죠?
                    
                </div>",https://thumbnail10.coupangcdn.com/thumbnails/local/320/image2/PRODUCTREVIEW/202004/25/8942077167676818977/94973d27-676c-4e93-8ee0-c5618fef482c.jpg,https://thumbnail10.coupangcdn.com/thumbnails/local/q-1/image2/PRODUCTREVIEW/202004/25/8942077167676818977/94973d27-676c-4e93-8ee0-c5618fef482c.jpg
Joyday ,2019.12.27,"코디 3겹 로맨틱 코튼 천연펄프 롤화장지 27m, 30롤, 1팩","
                
                    스타트 할 때 잘 뜯기는 거  너무 좋네요
                
            ","<div class=""sdp-review__article__list__review__content js_reviewArticleContent"">
                    
                        주문 일자: 2019.11.01<br>
<br>
도착 일자: 2019.11.02<br>
<br>
길이 : 27m이고 <br>
<br>
3겹 입니다<br>
<br>
가격 :11,394원에 <br>
로켓배송으로 구매했어요<br>
<br>
산 지는 꽤 되었는데 같이 샀던 화장지를 먼저 사용해서 <br>
후기를 이제서야 쓰게 됐네요 <br>
사람은 첫인상이 중요하듯 화장지도 첫 스타트 때 호불호가 갈리는 것 같습니다 <br>
스타트가 부드럽고 깔끔하게 뜯겨서 너무 좋았어요 <br>
이전에 썼던 타 화장지는 먼지 날림이 심하고 처음 뜯을 때도 엄청 어려웠거든요 <br>
이 코튼 화장하는 달랐어요 <br>
뜯는 것부터 사용할 때 항상 편햇습니다<br>
닿는 느낌 또한 부드럽고요 <br>
두께도 이 정도면 괜찮고 향 또한 은은하고 좋습니다 <br>
재구매 의향 또한 있습니다 <br>
화장지 유목민이었는데 드디어 정착할 때가 온 것 같네요<br>
또 주문할게요!
                    
                </div>",https://thumbnail10.coupangcdn.com/thumbnails/local/320/image2/PRODUCTREVIEW/201912/27/6520485482502423305/66fcdc1d-91c4-482b-9ed2-fc87d8e17fec.jpg,https://thumbnail10.coupangcdn.com/thumbnails/local/q-1/image2/PRODUCTREVIEW/201912/27/6520485482502423305/66fcdc1d-91c4-482b-9ed2-fc87d8e17fec.jpg
DDoRA ,2020.04.03,"코디 3겹 로맨틱 코튼 천연펄프 롤화장지 27m, 30롤, 1팩",,"<div class=""sdp-review__article__list__review__content js_reviewArticleContent"">
                    
                        코디 구매는 처음 입니다. <br>
리뉴얼 전 포장디자인으로 왔네요.<br>
사실 깨끗한**벚꽂 사려다가ㅜㅜ 로켓이 없어서 우연찮게 구입했는데 넘나 만족스러워서 놀라는중입니다.<br>
아무리 우연찮게 구입한거래도 일단 무형광인지, 상품평은 어떤지 꼼꼼히 따져보고 구매했습니다.<br>
재질은 뭔가 뽀득뽀득한 느낌입니다.<br>
근데 그 뽀득뽀득함이 뻣뻣한건 아니라서 걍 아주 좋습니다.<br>
재구매의사는 당연히당연히당연히 있습니당ㅎ
                    
                </div>",https://thumbnail6.coupangcdn.com/thumbnails/local/320/image2/PRODUCTREVIEW/202004/3/6089107772407160340/abaa99f4-6173-46f4-b87d-9cf13b105e9b.jpg,https://thumbnail6.coupangcdn.com/thumbnails/local/q-1/image2/PRODUCTREVIEW/202004/3/6089107772407160340/abaa99f4-6173-46f4-b87d-9cf13b105e9b.jpg
차*선 ,2019.10.08,"코디 3겹 로맨틱 코튼 천연펄프 롤화장지 27m, 30롤, 1팩","
                
                    숨구멍 없이 받고파요~^^
                
            ","<div class=""sdp-review__article__list__review__content js_reviewArticleContent"">
                    
                        마트서 산 비슷한  가격대 코디 다른거 사용중인데 엄청 만족중인데 마침 똑 떨어져 새벽배송 이라 주문했죠.<br>
근데 이건 많이 얇고 말려져있는 상태서도 위아래 단면이 눈으로 봐서도 먼지도 많고해서 화장실용은 다른거 새로사서 쓰렵니다.<br>
두팩산거는 집안정리용으로 쓰렵니다.추천하고싶진않아요.<br>
두팩이상은 비닐포장 부탁해요.매번 숨구멍 여러개.
                    
                </div>",https://thumbnail7.coupangcdn.com/thumbnails/local/320/image2/PRODUCTREVIEW/201910/8/4475056310245312854/4a316570-559b-486d-958e-ce636e18e3d2.jpg,https://thumbnail7.coupangcdn.com/thumbnails/local/q-1/image2/PRODUCTREVIEW/201910/8/4475056310245312854/4a316570-559b-486d-958e-ce636e18e3d2.jpg
여*숙 ,2018.12.04,"코디 3겹 로맨틱 코튼 천연펄프 롤화장지 27m, 30롤, 1팩",,"<div class=""sdp-review__article__list__review__content js_reviewArticleContent"">
                    
                        이제품도 로맨티꼬튼과 비슷해요<br>
장미문양이 있고 은은한향이 나고요<br>
부드러운건 에어쿠션이 쪼금더 부드러워요<br>
두께는 에어쿠션과 비슷하고요<br>
휴지심과 같이 누르면 꾹 눌리는게 역시 엉성하게 감겨있어서 빨리 쓰게 됩니다<br>
할이쿠폰 있을때만 재구매 의사 있습니다<br>
<br>
두꺼운거 쓰다 쓰면 너무 빨리 써버리는거 같은 <br>
생각이 들어요
                    
                </div>",https://thumbnail8.coupangcdn.com/thumbnails/local/320/image2/PRODUCTREVIEW/201812/4/990756251720460173/a576b19d-da30-48e1-a22d-782d2cc68dcc.jpg,https://thumbnail8.coupangcdn.com/thumbnails/local/q-1/image2/PRODUCTREVIEW/201812/4/990756251720460173/a576b19d-da30-48e1-a22d-782d2cc68dcc.jpg
송혜란 ,2021.09.28,"코디 3겹 로맨틱 코튼 천연펄프 롤화장지 27m, 30롤, 1팩","
                
                    아주 만족스러워요
                
            ","<div class=""sdp-review__article__list__review__content js_reviewArticleContent"">
                    
                        엄청 도톰하거나 부드러운것도 아닌데 사용감이 참 좋아요<br>
특히 먼지도 별로 안나고(먼지 조금만 나도 기침을 엄청해요)<br>
무엇보다 물에 닿아도 안헤져도 잘 안찢어지고<br>
드디어 인생휴지를 만났네요 ㅎㅎㅎ
                    
                </div>",https://thumbnail7.coupangcdn.com/thumbnails/local/320/image2/PRODUCTREVIEW/202109/28/7311791929985952093/14f4c68f-9bb8-47f6-aba9-a9662b5ab5d0.jpg,https://thumbnail7.coupangcdn.com/thumbnails/local/q-1/image2/PRODUCTREVIEW/202109/28/7311791929985952093/14f4c68f-9bb8-47f6-aba9-a9662b5ab5d0.jpg
장*성 ,2021.09.01,"코디 3겹 로맨틱 코튼 천연펄프 롤화장지 27m, 30롤, 1팩","
                
                    가격대비 도톰합니다
                
            ","<div class=""sdp-review__article__list__review__content js_reviewArticleContent"">
                    
                        요즘 로켓배송으로 생필품을 많이 주문하고 있습니다<br>
화장지는 부피가 커서 마트갈때 남편없으면 사는걸 자꾸 미루게 되네요<br>
쿠팡 로켓배송으로 주문하며 새벽배송으로 바로 오니 세상 편하네요~~^^<br>
가격대비 두께도 도톰하고 보풀도 일어나지 않아요.<br>
싸다고 사서 쓴 경우가 있는데 그런것들은 보풀도 많이 일어나고 얇았어요<br>
길이는 재어보지는 않았지만 하나 걸어두면 적당히 사용하는 것 같아요.<br>
빨리 없어지지는 않는거 같아요~~<br>
담번에도 재 구매 의사가 있습니다
                    
                </div>",https://thumbnail8.coupangcdn.com/thumbnails/local/320/image2/PRODUCTREVIEW/202109/1/1904716417430971593/cd0d9e65-58ac-4f90-bd5f-ae6b03f37427.jpg,https://thumbnail8.coupangcdn.com/thumbnails/local/q-1/image2/PRODUCTREVIEW/202109/1/1904716417430971593/cd0d9e65-58ac-4f90-bd5f-ae6b03f37427.jpg
페르마123 ,2019.06.09,"코디 3겹 로맨틱 코튼 천연펄프 롤화장지 27m, 30롤, 1팩","
                
                    어차피 결정은 본인들이 하시겠지만...^^
                
            ","<div class=""sdp-review__article__list__review__content js_reviewArticleContent"">
                    
                        늘 신속한배송 감사합니다 그런데 오늘 배송은 살짝 속상한감도 있네요 ...배송부분에서 물건이 들기에 불편했던가요??아님 운반과정에서 뮨제였던가요?화장지비닐이 뜯긴채 배송이 되었네요..분명  주말까지 힘들게 배송해주시는  분들께 이런 사소한거 하나하나 걸고넘어지고싶진않지만 쿠팡이라는 회사이름믿고 상품 이름보고 구입하는 고객 입장을 생각해서 마지막 배송까지도 좋은인상으로 남았으면합니다  <br>
<br>
<br>
<br>
상품 구입후기입니다<br>
솔직하게  제가 보고 느낀 그대로 후기 전합니다<br>
저도 온라인으로 상품구입시 많은분들이 써놓으신 상품 후기가 제 상품구입의사 반영에 많은 부분을  차지하기에 저또한 제 구입후기가 도움이되었음 합니다 <br>
 <br>
배송되자마자 뜯어서 화장지 하나를 손에 쥐자 3겹에서 느껴지는 두께감을 저는 솔직히 못느꼈습니다 뭐라설명해야할까요? 예전에 쓰던 타회사y화장지는   틈없이 말려져있는듯한 단단함과 촘촘함이 있다면 코디는 설렁설렁 말려있는 그런 느낌이 들었어요 그래서 길이와 두께차이인가싶어 예전거와 비교해았더니 같은길이에 똑같은 3겹이었습니다  <br>
그래서 다시한번 혼자고개를 끄덕일수밖에 없었습니다 <br>
<br>
돈몇푼 아끼자고 한번 바꿔써볼까 해서 신청했는데.. 저는 재구매는 안할듯싶어요^^
                    
                </div>",https://thumbnail8.coupangcdn.com/thumbnails/local/320/image2/PRODUCTREVIEW/201906/9/1013450333746876588/e31090e6-7a76-4d13-89bb-d46da9b2a7b9.jpg,https://thumbnail8.coupangcdn.com/thumbnails/local/q-1/image2/PRODUCTREVIEW/201906/9/1013450333746876588/e31090e6-7a76-4d13-89bb-d46da9b2a7b9.jpg
이*영 ,2021.04.09,"코디 3겹 로맨틱 코튼 천연펄프 롤화장지 27m, 30롤, 1팩",,"<div class=""sdp-review__article__list__review__content js_reviewArticleContent"">
                    
                        전 원래 ... 본가에서 지낼때에도 글구 엄마가 <br>
챙겨주신것도 항상 핼로키티 휴지만 써서 다른건 생각도 못햇어요 ㅠㅠㅠ 이번에 결혼하고 언제까지 받아 쓸수 없는거 같그 휴지도 잘 모르는데 ... 포장지 이쁘구 세겹에 뭐 이런거네 혹 해서 구매..!! 로켓배송에도 혹 ㅎㅎㅎㅎ <br>
<br>
키티 휴지보다는 확실히 네겹네서 세겹되니 얇아요 <br>
하지만 먼지 날림 없구요~~ 휴지에서 향이 나요 신기해요<br>
향도 좋구 30롤에 로켓배송에 신혼인 저희가 저정도면 정말 고퀄 ㅎㅎㅎ 그래서 저는 이거 추천해요 ~!! <br>
<br>
우선 향 나는거에 ...!! 그 향이 역하고 그런게 아니라서 <br>
중요한 날 ㅜㅜ 신경도 덜 쓰이고 흡수력도 좋고 그래서 저는 그냥 정기배송 할까 고민중이여 ㅎㅎ 우선 다른 향도 써보구오 ㅎㅎㅎ
                    
                </div>",https://thumbnail10.coupangcdn.com/thumbnails/local/320/image2/PRODUCTREVIEW/202104/9/4215490949325093515/4bdbe211-d667-4904-ac5a-36ec17ce2357.jpg,https://thumbnail10.coupangcdn.com/thumbnails/local/q-1/image2/PRODUCTREVIEW/202104/9/4215490949325093515/4bdbe211-d667-4904-ac5a-36ec17ce2357.jpg
Lieblings ,2018.12.13,"코디 3겹 로맨틱 코튼 천연펄프 롤화장지 27m, 30롤, 1팩","
                
                    먼지 많이 나지 않고 감촉도 부드러워요
                
            ","<div class=""sdp-review__article__list__review__content js_reviewArticleContent"">
                    
                        개봉하니까 은은한 꽃향이 나요<br>
향이 진하지는 않고 가까이에서 느껴지는 정도네요<br>
두께도 제법 도톰하고 감촉도 부드러워요<br>
자를 때 먼지가 많이 나지 않아서 좋습니다<br>
<br>
가격 대비 품질도 괜찮은 듯 해요<br>
전에 사용해보고 재구매했습니다<br>
만족한 제품입니다<br>
<br>
#쿠폰 할인 받아서 <br>
11,900원에 구입했어요
                    
                </div>",https://thumbnail6.coupangcdn.com/thumbnails/local/320/image2/PRODUCTREVIEW/201812/13/548991455913522559/abd9965d-d88e-43e9-90de-37051310f5f6.jpg,https://thumbnail6.coupangcdn.com/thumbnails/local/q-1/image2/PRODUCTREVIEW/201812/13/548991455913522559/abd9965d-d88e-43e9-90de-37051310f5f6.jpg
김*진 ,2021.09.28,"코디 3겹 로맨틱 코튼 천연펄프 롤화장지 27m, 30롤, 1팩","
                
                    적당히 두께감도 있고 쓰기 좋아요 
                
            ","<div class=""sdp-review__article__list__review__content js_reviewArticleContent"">
                    
                        두께가 있어서 그런지 금방 써요<br>
그래도 퀄리티도 나쁘지않아서 맘놓고 쓰기 좋아요
                    
                </div>",,
윤*진 ,2021.08.30,"코디 3겹 로맨틱 코튼 천연펄프 롤화장지 27m, 30롤, 2팩","
                
                    화장지는 코디만쓰고잇어요
                
            ","<div class=""sdp-review__article__list__review__content js_reviewArticleContent"">
                    
                        샵링크통해서 구매했어요 <br>
화장지 이것저것많이써봣는데 코디만한게없는거같아요<br>
확실히 달라요 가격도좋고 저말고도 가족들이 만족하니까 좋네요<br>
전에는 싸구려만썻는데 이제코디만쓰게되요<br>
앞으로도 자주 구매할게요 두개값도 가격이좋은거같아요^^
                    
                </div>",https://thumbnail7.coupangcdn.com/thumbnails/local/320/image2/PRODUCTREVIEW/202108/30/5276286452744624101/7298f6a2-1860-495d-bc16-600b98123443.jpg,https://thumbnail7.coupangcdn.com/thumbnails/local/q-1/image2/PRODUCTREVIEW/202108/30/5276286452744624101/7298f6a2-1860-495d-bc16-600b98123443.jpg
개똥이엄마 ,2020.04.03,"코디 3겹 로맨틱 코튼 천연펄프 롤화장지 27m, 30롤, 1팩",,"<div class=""sdp-review__article__list__review__content js_reviewArticleContent"">
                    
                        ^______________________^                               <br>
                        <br>
                         &lt;개똥이엄마의 리뷰&gt;<br>
<br>
✅제품구매이유<br>
늘 쓰던 휴지가 일시품절되어 이러저리 검색하다가 구매<br>
<br>
<br>
✅배송후기<br>
로켓배송은 사랑❤️<br>
다음날 바로 도착!!!!<br>
<br>
<br>
✅사용 후기<br>
휴지가 비싼건 이해못하는 스타일이라 <br>
적당한 가격에 맞춰 검색후 구입.<br>
할인하고 있어 더 저렴하게 구입.<br>
휴지를 화장실안에 모두 쌓아두는데 비닐 뜯자마자 <br>
바로 재채기 나옴. 이정도쯤이야..그냥 넘어갈수 있는정도<br>
가격만큼하는 휴지!!<br>
적당한 두께 은은한 향<br>
무형광치고 가격대비 좋은듯<br>
<br>
<br>
<br>
✅단점이있다면..<br>
적잖은 먼지
                    
                </div>",https://thumbnail10.coupangcdn.com/thumbnails/local/320/image2/PRODUCTREVIEW/202004/3/7198845366082786881/288d4bba-4d96-41ed-94bd-55abb54170af.jpg,https://thumbnail10.coupangcdn.com/thumbnails/local/q-1/image2/PRODUCTREVIEW/202004/3/7198845366082786881/288d4bba-4d96-41ed-94bd-55abb54170af.jpg
백*윤 ,2021.09.20,"코디 3겹 로맨틱 코튼 천연펄프 롤화장지 27m, 30롤, 1팩","
                
                    덜 찢어져서 좋습니다.
                
            ","<div class=""sdp-review__article__list__review__content js_reviewArticleContent"">
                    
                        젖으면 찢어지고 해서 괜히 두껍게 말게 되는데<br>
이건 괜찮네요.
                    
                </div>",,
oneness ,2021.09.05,"코디 3겹 로맨틱 코튼 천연펄프 롤화장지 27m, 30롤, 1팩",,"<div class=""sdp-review__article__list__review__content js_reviewArticleContent"">
                    
                        이것저것 많이 써보다가 6개월째 정착중이예요~ <br>
향도 좋고 얇지도 않고 좋아요~ 가격이 엄청 오르지 않는 이상 계속 이걸로 쓸것같아요~
                    
                </div>",,
쇼파귀신 ,2021.08.09,"코디 3겹 로맨틱 코튼 천연펄프 롤화장지 27m, 30롤, 1팩","
                
                    맘에 듭니다~
                
            ","<div class=""sdp-review__article__list__review__content js_reviewArticleContent"">
                    
                        12,300원으로 구매. 가격비교 필수!<br>
<br>
쿠팡은 금액변동이 잦아서…! <br>
<br>
<br>
3겹인데 얇아보이는것도 있는데 적당함. <br>
<br>
향기가 폴폴 나서 무향 좋아하시는 분들에게는 비추. <br>
<br>
<br>
<br>
조금 얇은 느낌이 잇는 휴지네요^^
                    
                </div>",https://thumbnail8.coupangcdn.com/thumbnails/local/320/image2/PRODUCTREVIEW/202109/1/1132906926584981207/0a6e6103-7386-4c8f-8d2a-2b79e45aec4b.jpg,https://thumbnail8.coupangcdn.com/thumbnails/local/q-1/image2/PRODUCTREVIEW/202109/1/1132906926584981207/0a6e6103-7386-4c8f-8d2a-2b79e45aec4b.jpg
김재희 ,2020.08.10,"코디 3겹 로맨틱 코튼 천연펄프 롤화장지 27m, 30롤, 1팩","
                
                    촉감좋고 가격대비 효율짱인듯 가성비굿 휴지입니다
                
            ","<div class=""sdp-review__article__list__review__content js_reviewArticleContent"">
                    
                        화장실휴지로 쓰려고 구매했어용<br>
3겹이궁~~~! 가격 저렴하게 잘 구입한거같아요. <br>
제가 구매할때는 1만원대였어요^^*<br>
싸게 뜰때 바로 겟한거같아 좋네요.<br>
휴지가 생각보다 기숙사에서 많이쓰여서<br>
넉넉히 30롤준비하길 잘한거같습니다! ㅎㅎ<br>
재질은 생각보다 훨 부드럽습니당~~!
                    
                </div>",https://thumbnail7.coupangcdn.com/thumbnails/local/320/image2/PRODUCTREVIEW/202008/10/2584048147869717361/98694d89-53fe-452f-9586-59ca32b24199.jpg,https://thumbnail7.coupangcdn.com/thumbnails/local/q-1/image2/PRODUCTREVIEW/202008/10/2584048147869717361/98694d89-53fe-452f-9586-59ca32b24199.jpg
박영석 ,2021.04.18,"코디 3겹 로맨틱 코튼 천연펄프 롤화장지 27m, 30롤, 1팩","
                
                    두툼, 부그러움 짱
                
            ","<div class=""sdp-review__article__list__review__content js_reviewArticleContent"">
                    
                        미용 티슈도 아니고 화장실에서<br>
사용하는 화장지니까<br>
이 가격에 이만한 품질이면<br>
정말 좋다고 본다.<br>
그래서 코디만 사용한다.
                    
                </div>",https://thumbnail9.coupangcdn.com/thumbnails/local/320/image2/PRODUCTREVIEW/202104/18/5270868640423770636/8fdef032-8470-4b49-99cf-7ab6fc66b065.jpg,https://thumbnail9.coupangcdn.com/thumbnails/local/q-1/image2/PRODUCTREVIEW/202104/18/5270868640423770636/8fdef032-8470-4b49-99cf-7ab6fc66b065.jpg
박영석 ,2021.03.14,"코디 3겹 로맨틱 코튼 천연펄프 롤화장지 27m, 30롤, 1팩","
                
                    역시 코디야
                
            ","<div class=""sdp-review__article__list__review__content js_reviewArticleContent"">
                    
                        코디 제품만 써요.<br>
다른 제품 구매해봐도 다시 코디로...<br>
도톰해서 좋고, 가성비로 좋고,<br>
미용 티슈처럼 부드럽진 않지만<br>
적당히 부드럽고, 이만한 화장지 없네요.
                    
                </div>",https://thumbnail7.coupangcdn.com/thumbnails/local/320/image2/PRODUCTREVIEW/202103/14/5270868640423770636/6d358ff9-0a11-4601-92de-fab953dac0f1.jpg,https://thumbnail7.coupangcdn.com/thumbnails/local/q-1/image2/PRODUCTREVIEW/202103/14/5270868640423770636/6d358ff9-0a11-4601-92de-fab953dac0f1.jpg
최*주 ,2018.09.30,"코디 3겹 로맨틱 코튼 천연펄프 롤화장지 27m, 30롤, 1팩",,"<div class=""sdp-review__article__list__review__content js_reviewArticleContent"">
                    
                        역시 쿠팡맨이네요. <br>
집이 제주도라 늦게 올 줄 알았는데 목요일 오후에 샀더니 금요일 밤에 도착했더라구요. 이렇게 빠른 배송 감동입니다.<br>
<br>
후기 쓰러 들어와보니 품절이네요. 인기가 많은가봐요~ 뭔가 득템한 느낌! <br>
<br>
전에 코디 코튼화이트 사서 썼는데 이번에 신제품이 나온 거 같아 사봤어요. 로맨틱코튼이라는 이름처럼 은은하게 향기가 나서 좋아요. 그리고 휴지가 부드러워서 그런지 변기에 버리면 다른 제품보다 더 잘 풀려서 내려가는 느낌입니다. <br>
<br>
이번에 사용해보고 다음에 또 코디꺼 구매할 꺼 같네요!<br>
많이 파세요~
                    
                </div>",https://thumbnail10.coupangcdn.com/thumbnails/local/320/image2/PRODUCTREVIEW/201809/30/360766358212784427/cdebfd70-4e04-4c51-b6a5-2e93e207c1e6.jpg,https://thumbnail10.coupangcdn.com/thumbnails/local/q-1/image2/PRODUCTREVIEW/201809/30/360766358212784427/cdebfd70-4e04-4c51-b6a5-2e93e207c1e6.jpg
이*윤 ,2021.08.17,"코디 3겹 로맨틱 코튼 천연펄프 롤화장지 27m, 30롤, 1팩",,"<div class=""sdp-review__article__list__review__content js_reviewArticleContent"">
                    
                        이상품은 가성비가 좋은 제품이다. 펄프의 질도 생각보다 부드러우면서 좋았다. 기대이상으로 앞으로 계속 사용할 생각이다.
                    
                </div>",,
최*필 ,2018.09.30,"코디 3겹 로맨틱 코튼 천연펄프 롤화장지 27m, 30롤, 1팩","
                
                    베스트 다음 정도는 되요!
                
            ","<div class=""sdp-review__article__list__review__content js_reviewArticleContent"">
                    
                        사실 구매후기 잘 안쓰는데... 혜택이 원지도 잘 모르겠고...<br>
아무튼 집사람이 시켜서 이것저것 사긴 사는데, 물건 오고 나면 그뒤는 사실 큰 관심 없어요.<br>
오늘도 쌀을 살까 하고 들어왔다가 마이쿠팡에서 그제 온 ""코디 화장지 로맨틱 코튼"" 보게 돴고, 이건 사람마다 호불호가 크게 없으니 하번 써볼까 하는 마음에서...<br>
역시 쿠팡맨은 오늘도 실망시키지 않게 배달해 주었고, 화장지는박스에 담겨 깔끔하게.. 그리고 중요한 화장지는 도톰하면서 부드럽고..화장실에서의 거시기한 냄새도 덮어줄 은은한 라벤다 향까지..<br>
산 가격에 이정도 품질이면 꽤 만족한 편입니다<br>
담에 살때 이 물건 보이면 또 살께요~~~참고로 물건 왔을때 집사람이 찍어둔 사진한장..
                    
                </div>",https://thumbnail8.coupangcdn.com/thumbnails/local/320/image2/PRODUCTREVIEW/201809/30/8249661815984586488/481395aa-42b3-40dc-832d-93c765f11028.jpg,https://thumbnail8.coupangcdn.com/thumbnails/local/q-1/image2/PRODUCTREVIEW/201809/30/8249661815984586488/481395aa-42b3-40dc-832d-93c765f11028.jpg
조*연 ,2021.08.23,"코디 3겹 로맨틱 코튼 천연펄프 롤화장지 27m, 30롤, 1팩","
                
                    집들이선물로좋아요
                
            ","<div class=""sdp-review__article__list__review__content js_reviewArticleContent"">
                    
                        집들이 선물로 보냈습니다 무겁게 들고가지 않아 좋았어요
                    
                </div>",,
엄*동 ,2021.08.15,"코디 3겹 로맨틱 코튼 천연펄프 롤화장지 27m, 30롤, 1팩",,"<div class=""sdp-review__article__list__review__content js_reviewArticleContent"">
                    
                        향도 은은하고.<br>
먼지도 없어서 좋아요.<br>
적당히 질기고, 톡톡 잘 끊어져요.<br>
좀 헤픈게 아쉽긴 합니다^^
                    
                </div>",,
정* ,2018.12.25,"코디 3겹 로맨틱 코튼 천연펄프 롤화장지 27m, 30롤, 1팩","
                
                    적당히 만족합니다. 재구매의사 있구요.
                
            ","<div class=""sdp-review__article__list__review__content js_reviewArticleContent"">
                    
                        그동안은 코스트코에서 크리넥스 구매해서 사용했는데 어깨통증으로 무거운거는 온라인구매하려고 로켓배송으로 여러 화장지를 사봤습니다. <br>
결론은 그나마 이제품이 젤 낫네요.<br>
두께감은 코스트코 크리넥스보다 떨어집니다. 두툼한 느낌은 아니지만 적당한 두께감이라 비데 건조기능후 사용은 무리없습니다.<br>
또한, 먼지가 마니 안나서 좋네요.<br>
향은 거의 없는듯해서 향에 예민하신 분들께 적합합니다.<br>
부드러움 정도도 적당합니다.  물론 코스트코 크리넥스보단 못합니다. 그래도 사용함에 크게 문제없네요.<br>
가격은 적당히 착하지만, 1롤 길이가 짧아 금방금방 없어지네요.<br>
온라인 구매시에는 요제품 재구매 의사있습니다.
                    
                </div>",,
김*주 ,2020.11.06,"코디 3겹 로맨틱 코튼 천연펄프 롤화장지 27m, 30롤, 1팩","
                
                    품질이 결코 나쁘지 않구요 사용감도 뛰어 납니다^^
                
            ","<div class=""sdp-review__article__list__review__content js_reviewArticleContent"">
                    
                        포장이 참 아늑하고 부드럽게 느껴지네요<br>
마침 떨어진 휴지로 인해서 다급히 주문한건데 매우 만족입니다<br>
첫 만남부터 말이죠~^^<br>
<br>
저희는 딱히 아무리 고급이라도 화장실과 애기들 뒤치닥거리등등 다용도로 사용하다보니 큰 의미를 두고 있진 않지만~그래도 ㅋ ㅋ 확실히   가격대가 높은 제품일수록 부드럽고 사용감도 뛰어난건 사실 입니다<br>
<br>
요즘은 휴지통 없는 화장실이 대세 아닌가 싶은데요<br>
그래서 욕실 수리를 하고난뒤부턴 속이 편안 합니다<br>
눈에 휴지통이 보이질 않으니 좋은거죠<br>
버릴 이유도 없고 말이죠<br>
<br>
지금 사용하고 있는 요것도 딱히 단점은 없구요 잘만 사용하고 있답니다^^
                    
                </div>",,
김*진 ,2020.07.15,"코디 3겹 로맨틱 코튼 천연펄프 롤화장지 27m, 30롤, 1팩",,"<div class=""sdp-review__article__list__review__content js_reviewArticleContent"">
                    
                        항상 요 화장지만<br>
사용하는데<br>
부드럽고<br>
잘 찢어지지않고<br>
화장지면에<br>
엠보싱과 장미꽃으로<br>
고급스럽고<br>
무엇보다<br>
절취선이 확실해서<br>
원하는만큼<br>
잘 떨어져서<br>
편해요<br>
천연펄프라 더욱<br>
믿고삽니다
                    
                </div>",https://thumbnail8.coupangcdn.com/thumbnails/local/320/image2/PRODUCTREVIEW/202007/15/5939745858290025653/ce949376-484e-4f08-821e-51bc34cb8524.jpg,https://thumbnail8.coupangcdn.com/thumbnails/local/q-1/image2/PRODUCTREVIEW/202007/15/5939745858290025653/ce949376-484e-4f08-821e-51bc34cb8524.jpg
손*선 ,2021.06.27,"코디 3겹 로맨틱 코튼 천연펄프 롤화장지 27m, 30롤, 1팩","
                
                    3겹~ 싸고 부드러 맘한테도 선물함~^^
                
            ","<div class=""sdp-review__article__list__review__content js_reviewArticleContent"">
                    
                        생각보다 아깝지 않은 화장지~ <br>
얘기했더니  맘이 "" 나두 없는데, 구매해서 보내줘~""<br>
하긴 동네는 화장지는 조금 비싸요^^<br>
우리 코디 ~ 화장지 팍팍 쓰는 딸내미한테도  아깝지 않고요~무늬도 귀여워라 하고요<br>
(동네서 화장지는 사본적 없음)
                    
                </div>",,
박*영 ,2021.07.30,"코디 3겹 로맨틱 코튼 천연펄프 롤화장지 27m, 30롤, 2팩","
                
                    좋네요
                
            ","<div class=""sdp-review__article__list__review__content js_reviewArticleContent"">
                    
                        먼지도 없고 쓰기도 편해서 남편이 이걸로 고정하자고 하네요
                    
                </div>",https://thumbnail10.coupangcdn.com/thumbnails/local/320/image2/PRODUCTREVIEW/202107/30/7084778076632156702/c7985e1c-895c-47fb-9ff3-a2b1dc4d5560.jpg,https://thumbnail10.coupangcdn.com/thumbnails/local/q-1/image2/PRODUCTREVIEW/202107/30/7084778076632156702/c7985e1c-895c-47fb-9ff3-a2b1dc4d5560.jpg
황*원 ,2021.08.10,"코디 3겹 로맨틱 코튼 천연펄프 롤화장지 27m, 30롤, 1팩",,"<div class=""sdp-review__article__list__review__content js_reviewArticleContent"">
                    
                        제품 품질은 괜찮으나 인간적으로 넘 엉성하게 감겨 있어요..
                    
                </div>",,
박*희 ,2021.01.22,"코디 3겹 로맨틱 코튼 천연펄프 롤화장지 27m, 30롤, 1팩",,"<div class=""sdp-review__article__list__review__content js_reviewArticleContent"">
                    
                        상품평 보고구매했는데..<br>
상품은 좋네요<br>
부드럽고 3겹인데 두꺼운것같아요<br>
ㅋ 다이소에서 저렴해서 산휴지는 뜯어보니깐 2경이더라구요<br>
ㅋ 6칸씩 끊어써야하는데<br>
이녀석은 두꺼워서 6칸까지는 않써도될것같네요<br>
4칸이면될것같네요 ㅋ<br>
일단 맘에들고요<br>
담에 또구매할거지는 더 사용해보고 결정내릴께요
                    
                </div>",https://thumbnail9.coupangcdn.com/thumbnails/local/320/image2/PRODUCTREVIEW/202101/22/848725057808056525/13df0025-d786-44ec-b31d-32b4197aebed.jpg,https://thumbnail9.coupangcdn.com/thumbnails/local/q-1/image2/PRODUCTREVIEW/202101/22/848725057808056525/13df0025-d786-44ec-b31d-32b4197aebed.jpg
정*애 ,2019.12.25,"코디 3겹 로맨틱 코튼 천연펄프 롤화장지 27m, 30롤, 1팩",,"<div class=""sdp-review__article__list__review__content js_reviewArticleContent"">
                    
                        요 화장지 고를때 부터 좀 찜찜 했었는데 역시나 생각대로 싼게 비지떡 이란 말이 실감 났네요. 길이는 조금 짧다고 알고는 있었지만 중요한건 화장지 품질이 너무 아니였어요.몇칸 쓸려고 툭 떼면 먼지가 풀풀 날리고 또한 얇아서 한개 쓰기 시작하면 순간순간 훅훅~ 줄어드는게 눈에 보일정도네요. 에휴~ 제품을 잘못 고른 제탓으로 돌릴려구요.이 제품 두번 다시는 구매 안한다고 첨엔 상품평을 썼었는데 조금 수정 합니다. 조금씩 쓰기 시작하니깐 먼지도 덜 나오고 그냥저냥 쓰기엔 괜찬은것같아요. 쉽게 말씀드려서 화장지 금액 만큼 이라고 생각하심 될것같아요...
                    
                </div>",,
이*기 ,2019.07.10,"코디 3겹 로맨틱 코튼 천연펄프 롤화장지 27m, 30롤, 1팩","
                
                    가성비 좋음
                
            ","<div class=""sdp-review__article__list__review__content js_reviewArticleContent"">
                    
                        ( 첫 구매자 사용 후기 )<br>
<br>
알아볼만큼 비교 시간 갖고<br>
평 좋고 믿을만한 회사니까 구입했어요 <br>
<br>
롤 컷팅라인은 너무 지저분해서 먼지날림 심했지만<br>
사용에는 불편함 없네요<br>
겉으로 만졌을 때는 <br>
단단함보단 눅눅한 느낌이 있지만 <br>
실제 사용하는 면적은 보송함을 유지하고 있어 <br>
사용 후기는 만족합니다 <br>
향기도 코를 찌르는 정도까진 아니라<br>
정말 아주 은은 정도라 향기 있는 제품 싫으신 분들도 이정돈 괜찮으실 것 같아요<br>
<br>
최대 단점<br>
- 롤 컷팅 깔끔하게 처리되지않어 먼지날림 심함<br>
<br>
최대 장점<br>
- 가성비 만족
                    
                </div>",https://thumbnail10.coupangcdn.com/thumbnails/local/320/image2/PRODUCTREVIEW/201907/10/4182742431243399697/4c9d7a0b-dd96-42a3-8e18-fd056d3ff62e.jpg,https://thumbnail10.coupangcdn.com/thumbnails/local/q-1/image2/PRODUCTREVIEW/201907/10/4182742431243399697/4c9d7a0b-dd96-42a3-8e18-fd056d3ff62e.jpg
백*영 ,2018.10.12,"코디 3겹 로맨틱 코튼 천연펄프 롤화장지 27m, 30롤, 1팩","
                
                    Goooood ♡♡♡
                
            ","<div class=""sdp-review__article__list__review__content js_reviewArticleContent"">
                    
                        패키지가 고급스러워요! 도톰하니 쓰기 좋네요. 다음에도 또 살것같아여 ♡♡♡
                    
                </div>",https://thumbnail6.coupangcdn.com/thumbnails/local/320/image2/PRODUCTREVIEW/201810/17/8554848834282924724/44d241c5-2568-40a2-9d2b-8519bc8a6ba6.jpg,https://thumbnail6.coupangcdn.com/thumbnails/local/q-1/image2/PRODUCTREVIEW/201810/17/8554848834282924724/44d241c5-2568-40a2-9d2b-8519bc8a6ba6.jpg
backman ,2020.01.07,"코디 3겹 로맨틱 코튼 천연펄프 롤화장지 27m, 30롤, 1팩","
                
                    좋아요.
                
            ","<div class=""sdp-review__article__list__review__content js_reviewArticleContent"">
                    
                        배송, 제품, 가격 다 만족합니다. 많이 구입하는 이유를 알 것 같아요.
                    
                </div>",https://thumbnail6.coupangcdn.com/thumbnails/local/320/image2/PRODUCTREVIEW/202001/7/7899738122430515427/c04b5da8-734f-4a1d-9c00-7d334c8f25eb.jpg,https://thumbnail6.coupangcdn.com/thumbnails/local/q-1/image2/PRODUCTREVIEW/202001/7/7899738122430515427/c04b5da8-734f-4a1d-9c00-7d334c8f25eb.jpg
이*리 ,2020.12.25,"코디 3겹 로맨틱 코튼 천연펄프 롤화장지 27m, 30롤, 1팩",,"<div class=""sdp-review__article__list__review__content js_reviewArticleContent"">
                    
                        저는 화장지 키티아니면 크리넥스만 썻어요<br>
근데 언제부턴가 그 화장지 질도 떨어지드라고요<br>
마트용 온라인용 다르다는평있던데<br>
그런가봐요..<br>
그래서 그냥 저렴하고 어느정도 가성비 위주로 사려고<br>
검색해보니 꽃무늬도 이쁘고<br>
적당하게 쓸만한것같아요<br>
물론 먼저 화장지에 비해 얇은감있지만 그렇다고<br>
쉽게 뜯어지고 그러지않아요<br>
비슷하게 사용하는데도 오히려 뜯어지지않고 절약하는 기분인것같아여<br>
화장지 많이써서 부담스러웠는데 좋네여 <br>
또 구매하러올게요
                    
                </div>",,
Blahbla ,2020.12.23,"코디 3겹 로맨틱 코튼 천연펄프 롤화장지 27m, 30롤, 1팩","
                
                    좋아욤
                
            ","<div class=""sdp-review__article__list__review__content js_reviewArticleContent"">
                    
                        몇달전 구매할때는 리뉴얼된 핑크비닐 포장이 왔는데<br>
<br>
이번엔 예전 꽃그림 비닐포장이 왔어요 ㅋㅋ<br>
<br>
쌓아둔 재고가 왔을까요?ㅋㅋㅋ<br>
<br>
품질은 뭐 같을거라 크게 신경은 안쓰이구요<br>
<br>
천연펄프 3중이라 구입했어요<br>
<br>
향이 진하지않아서 쓰는데 거부감없구요<br>
<br>
부드러워서 사용할때도 편안합니다<br>
<br>
찢어지거나 하는 그런것도 없이 품질 좋아서 화장지 구입은 코디로 정착했어요<br>
<br>
선물 받아서 들어온거 아님 코디로 무조건 주문합니다<br>
<br>
지금 쓰고있는 뽀☆ 엉꼬 아파요...휴 <br>
<br>
빨리 코디 쓰고싶네요ㅜㅜㅜㅜㅜㅜㅜ
                    
                </div>",,
Blahbla ,2020.11.16,"코디 3겹 로맨틱 코튼 천연펄프 롤화장지 27m, 30롤, 1팩","
                
                    긋긋긋
                
            ","<div class=""sdp-review__article__list__review__content js_reviewArticleContent"">
                    
                        이걸로 정착했어요<br>
뭐 코디 화장지 종류가 아주 많은데<br>
왜 이거냐고 물으시면<br>
그냥 핑크라.......좋아욬ㅋㅋㅋㅋ<br>
이거 쓰기전에<br>
선물들어온 휴지 쓰는데<br>
화장지가 찢어지더라구오???????<br>
와... 얼마나 빡치던지<br>
어이가 없던지<br>
찢어지는 화장지 써본분 계실까몰라요<br>
그래서 다 쓸때까지 참 오래도 기다리다가<br>
이걸로 샀는데<br>
다행히 이제품은 그런 뭣같은 일 없더라구요<br>
그때 그제품 이름을 모르는게 한인데<br>
대충 짐작 가는 브랜드들이라<br>
완전 아닌 브랜드는 코디였어서<br>
코디로 샀고 ㅋㅋ 이걸로 정착입니다!
                    
                </div>",,
조*자 ,2019.06.18,"코디 3겹 로맨틱 코튼 천연펄프 롤화장지 27m, 30롤, 1팩",,"<div class=""sdp-review__article__list__review__content js_reviewArticleContent"">
                    
                        일단 3겹치곤 좀 얇아요 너무 얇아 진짜<br>
3겹인지 손으로 뜯어 봤어요<br>
다른 3겹화장지와 비교했을때<br>
같은 양으로 같은액체를 닦으면<br>
얇아서 구멍이 금방나구요<br>
향이 오래간다고 하신분들이 있어 사봤는데<br>
휴지 딱 꺼낼때 빼면<br>
향은 금방사라지구요<br>
휴지하나를 놓고봤은때<br>
높이?라고 해야하나? 암튼 다른휴지보다 살짝<br>
작구요<br>
이런것들을 두고 다른휴지와 비교한다면<br>
향은 그렇다치고 두께나 크기로봤을때<br>
가격좀 더 주고 두꺼운휴지를 사는게<br>
더 적게쓰는것같아 경제적이라는 생각을 해봅니다
                    
                </div>",,
이유라 ,2020.12.21,"코디 3겹 로맨틱 코튼 천연펄프 롤화장지 27m, 30롤, 1팩","
                
                    평타 이상
                
            ","<div class=""sdp-review__article__list__review__content js_reviewArticleContent"">
                    
                        10.270원<br>
<br>
크리넥스 데코앤소프트만 사용하다가<br>
할인하길래 구매해봤는데 <br>
코르가즘 쩌네요<br>
화장지 넣어둔 선반에 향수 뿌린줄?<br>
완전 부드럽진 않지만<br>
그렇다고 푸석거리지도 않아 사용하는데<br>
불편함은 없네요<br>
재구매 할꺼같아요
                    
                </div>",https://thumbnail8.coupangcdn.com/thumbnails/local/320/image2/PRODUCTREVIEW/202012/21/7656144509308119640/08d08a8b-57e1-40be-a734-eb8ed6adecfc.jpg,https://thumbnail8.coupangcdn.com/thumbnails/local/q-1/image2/PRODUCTREVIEW/202012/21/7656144509308119640/08d08a8b-57e1-40be-a734-eb8ed6adecfc.jpg
심*영 ,2020.09.30,"코디 3겹 로맨틱 코튼 천연펄프 롤화장지 27m, 30롤, 1팩",,"<div class=""sdp-review__article__list__review__content js_reviewArticleContent"">
                    
                        워낙 휴지를 많이 쓰는 집입니다.<br>
그러다보니 휴지를 항상 사서 쟁여두곤 하는데요;<br>
휴지를 고를 때 엄청 좋은 재질의 도톰하고 비싼 휴지를 고르기보다는 적당히 도톰하고 유해물질 없고, 먼지 많이 날리지 않으면서 적당한 가격, 합리적인 가격의 휴지를 구매하곤 합니다.<br>
이 휴지가 바로 딱 그런 휴지가 아닐까 싶습니다.<br>
은은하게 장미향도 살짝 나는 것고 마음에 들고, 적당한 두께감에 집에서 무난하게 사용할 수 있는 제품이라 생각됩니다. <br>
추가 구매 의사 있습니다.
                    
                </div>",,
쿠로스 ,2021.05.17,"코디 3겹 로맨틱 코튼 천연펄프 롤화장지 27m, 30롤, 1팩",,"<div class=""sdp-review__article__list__review__content js_reviewArticleContent"">
                    
                        뭐랄까 휴지가 아니라 빨아쓰는행주의 질감이네요<br>
천같은 느낌? 쫀쫀하다고 해야할까요<br>
실제로 물에 안찢어지는 건 아니지만요~<br>
촉감도 나쁘지않고 두께도 딱 좋아요.<br>
아주 도톰은 아닌데 보통보다 약간 더 도톰?<br>
향도 강하지않고 괜찮아요 ~
                    
                </div>",,
Blahbla ,2021.05.05,"코디 3겹 로맨틱 코튼 천연펄프 롤화장지 27m, 30롤, 1팩",,"<div class=""sdp-review__article__list__review__content js_reviewArticleContent"">
                    
                        좋아서 이것만 몇번째 구입해요<br>
<br>
다만 이번에 올때 비닐이 살짝 찢어져서 화장지도 살짝 뜯기고..그랬는데..<br>
<br>
그냥 넘길정도라 그냥 쓰려구요<br>
<br>
저번에는 좀 심하게 윗부분 비닐이 뜯어져서 왔었는데.....<br>
<br>
관리를 좀 더 부탁드립다..<br>
<br>
지금도 너무 편하게 잘 물건 받고 쓰고있지만요..
                    
                </div>",,
히쥬 ,2021.05.10,"코디 3겹 로맨틱 코튼 천연펄프 롤화장지 27m, 30롤, 1팩",,"<div class=""sdp-review__article__list__review__content js_reviewArticleContent"">
                    
                        전에 샀던 쿠팡 휴지가 너무 두껍고 뻣뻣해서 <br>
휴지걸이가 안돌아가더라구요..;;;<br>
<br>
다 쓰고 향있는거 사볼까 해서 구매했어요.<br>
이건 두께도 적당하고 부드러운편이고<br>
라벤더향보단 바닐라향이 더 강해요 <br>
느끼느끼... 향때문에 재구매는 안하려구요.
                    
                </div>",,
황*식 ,2021.05.26,"코디 3겹 로맨틱 코튼 천연펄프 롤화장지 27m, 30롤, 1팩","
                
                    향이 약해서 좋고 무난해요
                
            ","<div class=""sdp-review__article__list__review__content js_reviewArticleContent"">
                    
                        얇다는 느낌은 크게 들지 않음 적당함<br>
향이 세지 않고 가성비 괜찮음<br>
제가 사용할때에는 피부 반응 같은거 전혀 없음
                    
                </div>",https://thumbnail10.coupangcdn.com/thumbnails/local/320/image2/PRODUCTREVIEW/202105/26/9004219218146167900/4c4cf9c7-68ff-4df6-a983-8cf03b1beef5.jpg,https://thumbnail10.coupangcdn.com/thumbnails/local/q-1/image2/PRODUCTREVIEW/202105/26/9004219218146167900/4c4cf9c7-68ff-4df6-a983-8cf03b1beef5.jpg
조*형 ,2020.06.17,"코디 3겹 로맨틱 코튼 천연펄프 롤화장지 27m, 30롤, 1팩",,"<div class=""sdp-review__article__list__review__content js_reviewArticleContent"">
                    
                        화장지옮긴다고 옷에잠깐기댔는데 먼지가이렇게묻어나는데..너무놀람ㅜ<br>
하나써서반품도못하고..제가그래서 옆구리에한번눌러봤는데먼지가이렇게묻어나는데..<br>
화장지가원래그런건지..이제품이그런건지는비교는못하겠네요
                    
                </div>",https://thumbnail6.coupangcdn.com/thumbnails/local/320/image2/PRODUCTREVIEW/202006/17/3908809866605638211/d36dac0c-4674-4a0c-8b47-666261698114.jpg,https://thumbnail6.coupangcdn.com/thumbnails/local/q-1/image2/PRODUCTREVIEW/202006/17/3908809866605638211/d36dac0c-4674-4a0c-8b47-666261698114.jpg
이*진 ,2021.07.01,"코디 3겹 로맨틱 코튼 천연펄프 롤화장지 27m, 30롤, 1팩",,"<div class=""sdp-review__article__list__review__content js_reviewArticleContent"">
                    
                        가격대비 품질 좋아요. 다만 다른 화장지에 비해 양은 적은 것 같습니다.
                    
                </div>",,
Lieblings ,2021.06.26,"코디 3겹 로맨틱 코튼 천연펄프 롤화장지 27m, 30롤, 1팩",,"<div class=""sdp-review__article__list__review__content js_reviewArticleContent"">
                    
                        여러번 구입했어요<br>
<br>
가격이 11,000대에서 13,000까지 왔다갔디해요
                    
                </div>",,
김*중 ,2018.10.17,"코디 3겹 로맨틱 코튼 천연펄프 롤화장지 27m, 30롤, 1팩","
                
                    만족스러워요 
                
            ","<div class=""sdp-review__article__list__review__content js_reviewArticleContent"">
                    
                        처음보는 티슈인데 써보니 좋아요 <br>
부드럽기도 하지만 너덜거리지 않아서<br>
비데하고 나서 쓰기 좋아요<br>
로켓배송으로 하루만에 온 것도 좋아요<br>
<br>
뽀송한 느낌 좋습니다<br>
무형광이라 안심하고 쓰네요~
                    
                </div>",https://thumbnail6.coupangcdn.com/thumbnails/local/320/image2/PRODUCTREVIEW/201810/17/98764382237694780/a8aca25f-0e26-446b-8d31-fd93b380a204.jpg,https://thumbnail6.coupangcdn.com/thumbnails/local/q-1/image2/PRODUCTREVIEW/201810/17/98764382237694780/a8aca25f-0e26-446b-8d31-fd93b380a204.jpg
이*정 ,2020.03.25,"코디 3겹 로맨틱 코튼 천연펄프 롤화장지 27m, 30롤, 1팩",,"<div class=""sdp-review__article__list__review__content js_reviewArticleContent"">
                    
                        가격대로 입니다. 저렴하게 샀으니 그만큼만 생각하면서 쓰자. 손으로 누르면 푹신하게 들어가네요 단단하게 안 감겨 있다는말. 마구마구 뜯어서 막 쓸꺼면 추천합니다. 금액대비 퀄리티를 원하신다면 비추.<br>
<br>
다음줄부터는 써본후기입니다<br>
<br>
며칠써보니 질은 나쁘지않네요.<br>
거칠지않고 조직이 비교적 조밀하다고 할까...<br>
매끄럽고 끈어질때도 힘없이 툭 끈어지는게 아니라<br>
단단한 느낌이  들고 먼지도 날리지않네요
                    
                </div>",,
Blahbla ,2021.06.22,"코디 3겹 로맨틱 코튼 천연펄프 롤화장지 27m, 30롤, 1팩",,"<div class=""sdp-review__article__list__review__content js_reviewArticleContent"">
                    
                        핑크색 포장비닐이라 매번 이것만 사는데<br>
<br>
사용할때도 만족이라서 ㅋㅋㅋ 계속 사요 ㅋㅋ
                    
                </div>",,
김*진 ,2020.02.22,"코디 3겹 로맨틱 코튼 천연펄프 롤화장지 27m, 30롤, 1팩",,"<div class=""sdp-review__article__list__review__content js_reviewArticleContent"">
                    
                        화장지는<br>
코디가 최고입니다<br>
부드러우면서<br>
3겹에 천연펄프라<br>
믿을수있고<br>
절제선 확실해서<br>
원하는만큼<br>
뜯어쓰기좋고<br>
엠보싱에 장미꽃도<br>
고급스럽고<br>
무엇보다 품질이<br>
최고입니다<br>
넉넉히 쟁여둡니다
                    
                </div>",https://thumbnail9.coupangcdn.com/thumbnails/local/320/image2/PRODUCTREVIEW/202002/22/5939745858290025653/04ba3a6e-6864-4c09-8f9e-777fa814ae72.jpg,https://thumbnail9.coupangcdn.com/thumbnails/local/q-1/image2/PRODUCTREVIEW/202002/22/5939745858290025653/04ba3a6e-6864-4c09-8f9e-777fa814ae72.jpg
신*란 ,2021.03.29,"코디 3겹 로맨틱 코튼 천연펄프 롤화장지 27m, 30롤, 1팩","
                
                    생각보다..!
                
            ","<div class=""sdp-review__article__list__review__content js_reviewArticleContent"">
                    
                        아우 잘못구입한듯하네요.<br>
몇 천원이 중요한게 아니라<br>
기대했나봐요 제가<br>
좀더몇천원 쓰신다 생각하시고 다른걸로 ...<br>
코디제품 먼지 안난걸로 아는데<br>
이제품은 <br>
두께도 현재 저희집에서 쓰는 마트세일때 구입한 제품보다<br>
더 얇네요<br>
 가격은 더 비싸고
                    
                </div>",,
큐팡죠앙잉 ,2021.07.08,"코디 3겹 로맨틱 코튼 천연펄프 롤화장지 27m, 30롤, 1팩",,"<div class=""sdp-review__article__list__review__content js_reviewArticleContent"">
                    
                        좋아요<br>
강아지때문에 막쓰는데<br>
도톰하고 좋네요!
                    
                </div>",,
임*희 ,2021.05.24,"코디 3겹 로맨틱 코튼 천연펄프 롤화장지 27m, 30롤, 1팩","
                
                    가성비좋아요
                
            ","<div class=""sdp-review__article__list__review__content js_reviewArticleContent"">
                    
                        휴지가 똑떨어져 시켜봤는데 괜찮네용ㅎㅎ 다 쓰면 재구매 의사 있어요~~~
                    
                </div>",https://thumbnail9.coupangcdn.com/thumbnails/local/320/image2/PRODUCTREVIEW/202105/24/6994263065191479183/88eda1a6-4334-4abb-8f41-bbec9af74ed4.jpg,https://thumbnail9.coupangcdn.com/thumbnails/local/q-1/image2/PRODUCTREVIEW/202105/24/6994263065191479183/88eda1a6-4334-4abb-8f41-bbec9af74ed4.jpg
내멋대로 ,2019.06.08,"코디 3겹 로맨틱 코튼 천연펄프 롤화장지 27m, 30롤, 1팩",,"<div class=""sdp-review__article__list__review__content js_reviewArticleContent"">
                    
                        향기있는 휴지 사용해보려고 구매했는데 개인적으로 그냥 그러네요. 높이도 98mm 라서 작구요. 3겹이지만 도톰 정도는 아니네요. 부드럽긴하지만...<br>
향기도 그냥 그렇습니다~
                    
                </div>",https://thumbnail10.coupangcdn.com/thumbnails/local/320/image2/PRODUCTREVIEW/201906/8/1201419879238387281/cecc4db5-7b9b-4c64-ad25-bbbda19417e9.jpg,https://thumbnail10.coupangcdn.com/thumbnails/local/q-1/image2/PRODUCTREVIEW/201906/8/1201419879238387281/cecc4db5-7b9b-4c64-ad25-bbbda19417e9.jpg
크리티나 ,2018.11.23,"코디 3겹 로맨틱 코튼 천연펄프 롤화장지 27m, 30롤, 1팩",,"<div class=""sdp-review__article__list__review__content js_reviewArticleContent"">
                    
                        로켓배송 빨라서 좋아요<br>
2만원이상 3천원 할인받아서 8,700원씩 2개 구입했어요<br>
저렴하게 구입해서 좋아요<br>
<br>
늘 크리넥스 제품만 쓰다가 이세품써도 많은 차이는 없네요<br>
<br>
예쁜 꽃무늬엥보싱 잘닦이고요 향도 조금 나요<br>
나중엔 사라지지만~<br>
<br>
생각보다 먼지도 많이 안나고 적당히 부드럽고 만족합니다
                    
                </div>",https://thumbnail6.coupangcdn.com/thumbnails/local/320/image2/PRODUCTREVIEW/201811/23/5800725780089417772/78196316-ef32-4acc-b193-a75e065f7037.jpg,https://thumbnail6.coupangcdn.com/thumbnails/local/q-1/image2/PRODUCTREVIEW/201811/23/5800725780089417772/78196316-ef32-4acc-b193-a75e065f7037.jpg
브니맘 ,2021.02.01,"코디 3겹 로맨틱 코튼 천연펄프 롤화장지 27m, 30롤, 1팩","
                
                    부드럽고 탄탄한 
                
            ","<div class=""sdp-review__article__list__review__content js_reviewArticleContent"">
                    
                        부드럽고 탄탄한 두께감도 적당한 내가 원하던 화장지예요 100점
                    
                </div>",https://thumbnail6.coupangcdn.com/thumbnails/local/320/image2/PRODUCTREVIEW/202102/1/5232643819670959341/b1e92ae3-dd20-48fc-a02f-a7a027d1cb1e.jpg,https://thumbnail6.coupangcdn.com/thumbnails/local/q-1/image2/PRODUCTREVIEW/202102/1/5232643819670959341/b1e92ae3-dd20-48fc-a02f-a7a027d1cb1e.jpg
김*수 ,2020.03.30,"코디 3겹 로맨틱 코튼 천연펄프 롤화장지 27m, 30롤, 1팩","
                
                    가성비 좋아요. 두께. 재질. 
                
            ","<div class=""sdp-review__article__list__review__content js_reviewArticleContent"">
                    
                        그전까지 깨끗한 나라 제품 사용하다가 미통당 선거운동을 s 뭐시기 홈쇼핑에서 대놓고 광고 컨셉잡아가며 하는 바람에 손절하고 이걸로 갈아탔습니다. <br>
그전 제품과 거의 같은 가격이라 구입해 봤는데 <br>
3겹이라 도톰하니 마음에 드네요 .<br>
패턴도 심플하고 가성비 좋아요
                    
                </div>",https://thumbnail8.coupangcdn.com/thumbnails/local/320/image2/PRODUCTREVIEW/202003/30/2418541482594271369/0a597b0c-af60-4752-a829-795537a8dbd1.jpg,https://thumbnail8.coupangcdn.com/thumbnails/local/q-1/image2/PRODUCTREVIEW/202003/30/2418541482594271369/0a597b0c-af60-4752-a829-795537a8dbd1.jpg
브니맘 ,2020.05.11,"코디 3겹 로맨틱 코튼 천연펄프 롤화장지 27m, 30롤, 1팩","
                
                    탄탄하고 깨끗한 좋은 휴지
                
            ","<div class=""sdp-review__article__list__review__content js_reviewArticleContent"">
                    
                        접착부위잘뜯어지고 마치 한겹처럼 세겹이 잘붙어있어 사용하기좋겠어요 두께감 탄탄하고 부드럽고 은은향도 좋네요
                    
                </div>",https://thumbnail9.coupangcdn.com/thumbnails/local/320/image2/PRODUCTREVIEW/202005/11/5232643819670959341/d63c615c-d185-4b98-ae8f-d04af5ba573b.jpg,https://thumbnail9.coupangcdn.com/thumbnails/local/q-1/image2/PRODUCTREVIEW/202005/11/5232643819670959341/d63c615c-d185-4b98-ae8f-d04af5ba573b.jpg
강*미 ,2019.01.21,"코디 3겹 로맨틱 코튼 천연펄프 롤화장지 27m, 30롤, 1팩","
                
                    쏘쏘
                
            ","<div class=""sdp-review__article__list__review__content js_reviewArticleContent"">
                    
                        상품평에 향이 엄청 난다길래 넘 기대하며 구매함.<br>
향 거의 안남 ㅠ<br>
이건 향 예민한사람 써도 무방할듯.ㅋㅋㅋ<br>
적당한두께.<br>
긴 롤페이퍼로 강아지 용변닦는거 써봣는데 아무래도 얇은감에 더 헤프게쓰이고 사용감도 별루고..<br>
값 나가는 우리가 쓰는 휴지로 치우자니 아깝고<br>
가격 싸고 향 난다길래 배변치우는용으로 구매해봄.<br>
강아지 소변닦는용으로 쓰고잇음.<br>
쏘쏘
                    
                </div>",,
용도 ,2019.06.07,"코디 3겹 로맨틱 코튼 천연펄프 롤화장지 27m, 30롤, 1팩",,"<div class=""sdp-review__article__list__review__content js_reviewArticleContent"">
                    
                        가격에 비해 퀄리티 좋아요. <br>
사용시 가려움이나 트러블 없었고요. 향기 은은하고 휴지통 사용안하고 항상 변기에 넣는데 막힌 적 없어요. <br>
같은 코디제품 3000원 저렴한게 있길래 구매했다가 사용후 가려워서 몇칸 안 쓰고 다시 이제품으로 재구매 했어요. <br>
3000원 가격 차이에 비해 제품의 퀄리티 차이가 엄청 나요. 깜짝 놀랐어요.
                    
                </div>",,
나쁜코로나 ,2021.05.27,"코디 3겹 로맨틱 코튼 천연펄프 롤화장지 27m, 30롤, 1팩","
                
                    늘 이것만 씁니다
                
            ","<div class=""sdp-review__article__list__review__content js_reviewArticleContent"">
                    
                        가격도 저렴한 편이고 은은하게 나는 <br>
향도 맘에듭니다
                    
                </div>",,
이*현 ,2020.07.14,"코디 3겹 로맨틱 코튼 천연펄프 롤화장지 27m, 30롤, 1팩",,"<div class=""sdp-review__article__list__review__content js_reviewArticleContent"">
                    
                        쓸때 시작하는 첨 뜯는 부분도 깔끔히 잘떨어져요. 뜯을때 다른 화장지보다 짱짱한 느낌이 들어서 좋구요 피부에도 부드러워요. 휴지는 거의 화장실에서 쓰는데 만족해요. 두께, 탄성, 질감  저는 다 만족해요. 먼지도 많이 없구요. 사실 큰기대 안했는데 그대이상이어서 놀랐어요. 휴지는 이제품으로 정착할듯 해요~♡
                    
                </div>",,
루찌 ,2020.09.07,"코디 3겹 로맨틱 코튼 천연펄프 롤화장지 27m, 30롤, 1팩",,"<div class=""sdp-review__article__list__review__content js_reviewArticleContent"">
                    
                        저는 쿠팡휴지를 쓰다가 이번엔 좀 다른애를써볼까하고 샀는데<br>
먼지대박많이나여......진짜 쿠팡휴지가 더 낫다고 생각함<br>
그리고 2번째줄 휴지까지는 거의 겉이 너덜너덜<br>
우리집고양이가 굴리고 뒷발팡팡한 휴지인줄알았어여ㅡㅡ<br>
코디 왕 실망<br>
쿠팡휴지보다 나은 점은 조금 더 부드럽다는점 뿐이에요
                    
                </div>",,
김*리 ,2020.12.31,"코디 3겹 로맨틱 코튼 천연펄프 롤화장지 27m, 30롤, 1팩",,"<div class=""sdp-review__article__list__review__content js_reviewArticleContent"">
                    
                        천연펄프 무형광 3겹 <br>
기본 조건이 맞아서 처음 사보지만 쿠폰 쓰고 3팩 샀어요<br>
얼마전에 2팩을 샀었기에 다섯팩은 사도 둘 데가 없거든요<br>
코디 제품이 크리넥스에 비해 빳빳한 느낌이 있는데<br>
이상하게 가장 오래 써서 그런가 코디 세일하면 자꾸 사네요
                    
                </div>",,
뿌니맘 ,2021.05.24,"코디 3겹 로맨틱 코튼 천연펄프 롤화장지 27m, 30롤, 1팩",,"<div class=""sdp-review__article__list__review__content js_reviewArticleContent"">
                    
                        가격은착하지않지만 향기나서 좋네요<br>
두께도 얇지않아요
                    
                </div>",,
안*정 ,2020.04.10,"코디 3겹 로맨틱 코튼 천연펄프 롤화장지 27m, 30롤, 1팩",,"<div class=""sdp-review__article__list__review__content js_reviewArticleContent"">
                    
                        화장지먼지날림적고휴지도질긴편인거같은데한번씩찌거기랑휴지조각이볼일보고처리할때있네요..아이똥꼬에끼어서다시물티슈로처리한다는ㅠ첨엔별생각없었는데몇번그런일이생기니찝찝..확인하게되네요..왜일까요?얇지도안은거같은데..평소쓰던게품절이라구매했는데아쉽네요
                    
                </div>",,
손*윤 ,2018.11.08,"코디 3겹 로맨틱 코튼 천연펄프 롤화장지 27m, 30롤, 1팩",,"<div class=""sdp-review__article__list__review__content js_reviewArticleContent"">
                    
                        비닐채로 배송 여기저기 굴러다녀   먼지가 붙어있어 물티슈로 닦아냄   휴지의 질은 그리 얇지 않고  장미문양이 있슴  꽃향이 은근히 남  나의 집쇼파색이 어두워  휴질 풀어보니  먼지가 내려 앉음, 눈에도 들어감  눈에 보이지 않는 먼지가  휴지에 많음  없슬순  없으니  여성분들 중요부분  닦으시고 꼭 씻으시길
                    
                </div>",,
서진꼬빵맘 ,2019.03.21,"코디 3겹 로맨틱 코튼 천연펄프 롤화장지 27m, 30롤, 1팩",,"<div class=""sdp-review__article__list__review__content js_reviewArticleContent"">
                    
                        정기배송시켜서 2번째 쓰고 있어요. <br>
그런데 처음에 받았던 제품과 질이 달라요. <br>
두번째 받은 제품이 짱짱하고 더 두껍고 향기도 나고 <br>
먼지날림이 없어요. 더 좋아진거같아요. <br>
가격도같고 똑같은 제품인데 이럴수 있는지. . . 왜다를까요?<br>
 제품은 괜찬은데 . . 같은 상품이 질이 너무 차이나서 별2개 빼요.
                    
                </div>",,
최*연 ,2018.12.07,"코디 3겹 로맨틱 코튼 천연펄프 롤화장지 27m, 30롤, 1팩","
                
                    최고 만족스러운 화장실용화장지에요 ㅎ
                
            ","<div class=""sdp-review__article__list__review__content js_reviewArticleContent"">
                    
                        화장실용 화장지찾다가 부드러운걸 쓰고싶어서 검색하고..<br>
괜찮다하여 구매해보았는데<br>
부드럽고좋아요 ㅎ<br>
크리넥스만큼 부드럽고 먼지는 더 덜한거같아서좋았어요 ㅎ<br>
그리고 얇을줄알았는데 생각보다 엄청 얇지도 않아서 좋어요 ㅎ<br>
추후에도 구매하고싶어요 ㅎ
                    
                </div>",,
구*진 ,2021.05.05,"코디 3겹 로맨틱 코튼 천연펄프 롤화장지 27m, 30롤, 1팩","
                
                    부드러워요
                
            ","<div class=""sdp-review__article__list__review__content js_reviewArticleContent"">
                    
                        친정엄마가 항상 요것만 쓰신답니다<br>
핑크색ㅋㅋㅋ<br>
부드러워서 다른건 못 쓰신다는..
                    
                </div>",,
Lieblings ,2019.08.18,"코디 3겹 로맨틱 코튼 천연펄프 롤화장지 27m, 30롤, 1팩","
                
                    좋아요
                
            ","<div class=""sdp-review__article__list__review__content js_reviewArticleContent"">
                    
                        여러번 구매하는 제품이에요<br>
저번 제품보다 롤 말린 상태가 느슨했어요<br>
<br>
구입하고 하루 후에 가격 할인에 쿠폰 행사까지 해서 속상했어요 쿠팡 가격은 고무줄임<br>
12,900원에 구입했어요<br>
<br>
지금 11,500원에 2만원 이상 3천원 할인 행사 중<br>
담엔 꼭 저렴할 때 사겠음
                    
                </div>",,
호잇123 ,2020.12.23,"코디 3겹 로맨틱 코튼 천연펄프 롤화장지 27m, 30롤, 1팩",,"<div class=""sdp-review__article__list__review__content js_reviewArticleContent"">
                    
                        바닐라향이라 써있던데 <br>
비염이라 그런건지 향 못맡았어요<br>
거의 안난다 생각하면 될듯<br>
도톰하진 않지만 질은 나쁘지 않고 부드럽습니다<br>
한칸한칸 톡톡 잘 끊어져요 ㅎㅎㅎ<br>
괜찮아요 ㅎㅎ
                    
                </div>",https://thumbnail9.coupangcdn.com/thumbnails/local/320/image2/PRODUCTREVIEW/202012/23/1997628324305719379/9518bee1-2fdd-4c5d-96e3-75c305e429db.jpg,https://thumbnail9.coupangcdn.com/thumbnails/local/q-1/image2/PRODUCTREVIEW/202012/23/1997628324305719379/9518bee1-2fdd-4c5d-96e3-75c305e429db.jpg
최*석 ,2018.12.10,"코디 3겹 로맨틱 코튼 천연펄프 롤화장지 27m, 30롤, 1팩",,"<div class=""sdp-review__article__list__review__content js_reviewArticleContent"">
                    
                        계기 :  화장지<br>
<br>
냄새 :  섬유유연제 같은 향기<br>
<br>
후기 :  색이 안 들어가 마음에 들어요
                    
                </div>",https://thumbnail9.coupangcdn.com/thumbnails/local/320/image2/PRODUCTREVIEW/201812/10/8086336685744084115/d58abc81-01bb-4f9a-b11e-9dcb8c38b032.jpg,https://thumbnail9.coupangcdn.com/thumbnails/local/q-1/image2/PRODUCTREVIEW/201812/10/8086336685744084115/d58abc81-01bb-4f9a-b11e-9dcb8c38b032.jpg
박*주 ,2020.03.09,"코디 3겹 로맨틱 코튼 천연펄프 롤화장지 27m, 30롤, 1팩",,"<div class=""sdp-review__article__list__review__content js_reviewArticleContent"">
                    
                        생각보다 별로예요<br>
먼지도 많이 날리고 처음 사용할 때 쉽게 떨어지지 않아 한 번에 많이 뜯어지게 되고 먼지도 많이 날려요<br>
화장실 사용으로 샀는데 화장실에서 사용하기 그래서 그냥 음식 흘렸을 때 닦는 용도로 사용해요<br>
아니면 싱크대 물기 닦고 버리는 용도로 사용해요
                    
                </div>",,
파하하하 ,2021.03.18,"코디 3겹 로맨틱 코튼 천연펄프 롤화장지 27m, 30롤, 1팩",,"<div class=""sdp-review__article__list__review__content js_reviewArticleContent"">
                    
                        18900원 짤 할인 특가로 11560원 주고 구매.<br>
<br>
보통 만원대 화장지 쓰는데, 천연펄프만 꿋꿋하게 확인하고 구매함.<br>
<br>
도톰하고 만족함.
                    
                </div>",,
김*순 ,2019.02.12,"코디 3겹 로맨틱 코튼 천연펄프 롤화장지 27m, 30롤, 1팩","
                
                    가성비좋아용
                
            ","<div class=""sdp-review__article__list__review__content js_reviewArticleContent"">
                    
                        급히 휴지가 필요했는데  하루만에 배송와서 잘받앗어요<br>
로맨틱 코튼 가격적당하구요 27미리라 많이 얋지도 않구 무난하게  잘쓸께요 꽃문양이 되어있어보기 좋음요  아직사용전이라 향은 몰겠어요
                    
                </div>",https://thumbnail10.coupangcdn.com/thumbnails/local/320/image2/PRODUCTREVIEW/201902/12/7929554723195294971/1f5e47bc-3e7b-46ed-a8ec-4eacd2a0483e.jpg,https://thumbnail10.coupangcdn.com/thumbnails/local/q-1/image2/PRODUCTREVIEW/201902/12/7929554723195294971/1f5e47bc-3e7b-46ed-a8ec-4eacd2a0483e.jpg
박*경 ,2019.07.15,"코디 3겹 로맨틱 코튼 천연펄프 롤화장지 27m, 30롤, 1팩",,"<div class=""sdp-review__article__list__review__content js_reviewArticleContent"">
                    
                        천연펄프 싸게 잘 샀어요.<br>
그리 두꺼운 느낌은 아니지만 얇지도 않은 적당한 두께구요.<br>
비데 사용하는데 크게 불편하지 않아요.<br>
살짝 엠보싱이 있는데 부드러워서 사용감 좋아요.<br>
그리고 먼지가 별로 없어서 너무 좋아요.
                    
                </div>",https://thumbnail7.coupangcdn.com/thumbnails/local/320/image2/PRODUCTREVIEW/201907/15/860117073967578106/9f9fb837-2aef-4c44-8059-cc9a89116918.jpg,https://thumbnail7.coupangcdn.com/thumbnails/local/q-1/image2/PRODUCTREVIEW/201907/15/860117073967578106/9f9fb837-2aef-4c44-8059-cc9a89116918.jpg
구*영 ,2020.11.25,"코디 3겹 로맨틱 코튼 천연펄프 롤화장지 27m, 30롤, 1팩",,"<div class=""sdp-review__article__list__review__content js_reviewArticleContent"">
                    
                        1년째 사용중이에요<br>
<br>
일단 얇지 않고 부드러워요 <br>
향이 꽤 진하고 오래가요 <br>
가격이 저렴한 편인데 <br>
한 롤당 오래가는 건.. 모르겠어요 ㅋ <br>
여튼 저는 앞으로도 쭈욱 쓸 예정! <br>
가격이 13,000원대를 유지한다는 가정에서요!
                    
                </div>",,
최*식 ,2019.08.21,"코디 3겹 로맨틱 코튼 천연펄프 롤화장지 27m, 30롤, 1팩",,"<div class=""sdp-review__article__list__review__content js_reviewArticleContent"">
                    
                        제품 괜찮아요~~마트에서 비슷한 가격으로 계속 사서 쓰다가 휴지 떨어지기전에 한번 시켜봤는데<br>
제질이랑 톡톡한 느낌도 화장실용으로 쓸만하네요<br>
휴지롤링 두께가 너무 두꺼우면 금방 쓰게되고 또 너무 얇으면 헤프게 쓰게 되는데 적당한듯 싶네요
                    
                </div>",,
김*주 ,2018.10.12,"코디 3겹 로맨틱 코튼 천연펄프 롤화장지 27m, 30롤, 1팩","
                
                    도톰하고 부드럽고 향도 좋고 무형광이라 안심되는♡
                
            ","<div class=""sdp-review__article__list__review__content js_reviewArticleContent"">
                    
                        처음 보는 예쁜 디자인이라 구입해봤는데 너무 좋아요~<br>
도톰한데 부들부들해서 사용할 때 마다 기분이 좋습니다ㅠㅠㅠ 최고최고b_d<br>
거기다 은근하게 좋은 향도 나서 이거 다 쓰고 나면 또 구매하고 싶어요!!!!!!!!!
                    
                </div>",,
이*재 ,2018.10.16,"코디 3겹 로맨틱 코튼 천연펄프 롤화장지 27m, 30롤, 1팩",,"<div class=""sdp-review__article__list__review__content js_reviewArticleContent"">
                    
                        평소에 자주 애용하고 있는 코디 브랜드였는데 디자인이 너무 예쁘길래 선물용 딱이다싶어서 구매했습니다. 특히 3겹에 100% 천연펄프라서 안심도 되고 선물용으론 이만한게 없을거 같네요.
                    
                </div>",https://thumbnail8.coupangcdn.com/thumbnails/local/320/image2/PRODUCTREVIEW/201810/28/8885391124490051966/5709c973-347c-4fd8-b101-8d5c4105da13.jpg,https://thumbnail8.coupangcdn.com/thumbnails/local/q-1/image2/PRODUCTREVIEW/201810/28/8885391124490051966/5709c973-347c-4fd8-b101-8d5c4105da13.jpg
김*라 ,2018.11.14,"코디 3겹 로맨틱 코튼 천연펄프 롤화장지 27m, 30롤, 1팩",,"<div class=""sdp-review__article__list__review__content js_reviewArticleContent"">
                    
                        두깨두 질도 좋네요~<br>
앞으로 계속 이용하고 싶어요<br>
지금까지 저렴하면서 적당히 사용감이 좋은것을 찾아서 <br>
구매를 해왔는데 가격데비 질좋은 화장지를 못 써봤는데<br>
요거는 정말 좋아요 ~계속 애용해도 후회되지 않을겁니다<br>
<br>
강력 추천 합니다
                    
                </div>",,
윤*희 ,2019.07.14,"코디 3겹 로맨틱 코튼 천연펄프 롤화장지 27m, 30롤, 1팩",,"<div class=""sdp-review__article__list__review__content js_reviewArticleContent"">
                    
                        주문후 다음날 바로 배송<br>
두께감도 있고 먼지 안날리고 <br>
향도 별로 안나서 조으네여<br>
저도 상품평읽고 초이스한 휴지인데 <br>
확실히 상품평들을 봐야하네여<br>
젤 중요했던건  두께감과  먼지 안 날리는거였눈데 <br>
그 두가지 다 대만족입니다    강추요
                    
                </div>",,
보리싹 ,2018.12.05,"코디 3겹 로맨틱 코튼 천연펄프 롤화장지 27m, 30롤, 1팩",,"<div class=""sdp-review__article__list__review__content js_reviewArticleContent"">
                    
                        후기보고 구매 3겹이라고하는데..얇고 두꺼움은 없고 엉성하게 말려있고ㅠㅠ 실망입니다.향이 나는걸보고 이렇게 상품평올리건지ㅜㅜ 지금껏 화장지 구입한것중 진짜 별루입니다.일반 슈퍼에서 9900원 정도 판매하는 상품이랑 비슷한듯..
                    
                </div>",,
Lieblings ,2019.01.02,"코디 3겹 로맨틱 코튼 천연펄프 롤화장지 27m, 30롤, 1팩","
                
                    재구매했어요
                
            ","<div class=""sdp-review__article__list__review__content js_reviewArticleContent"">
                    
                        사용해보고 재구매했어요<br>
두께도 적당하고 먼지 많이 나지 않아서 좋습니다<br>
가격도 저렴한 편이도 촉감도 괜찮습니다<br>
향은 은은해서 가까이 가야 느껴지는 정도 입니다
                    
                </div>",https://thumbnail9.coupangcdn.com/thumbnails/local/320/image2/PRODUCTREVIEW/201901/2/548991455913522559/29a509d1-bede-48a8-bd7b-6029a3325e68.jpg,https://thumbnail9.coupangcdn.com/thumbnails/local/q-1/image2/PRODUCTREVIEW/201901/2/548991455913522559/29a509d1-bede-48a8-bd7b-6029a3325e68.jpg
김태마마 ,2020.12.23,"코디 3겹 로맨틱 코튼 천연펄프 롤화장지 27m, 30롤, 1팩","
                
                    너무 좋네요
                
            ","<div class=""sdp-review__article__list__review__content js_reviewArticleContent"">
                    
                        부드럽고 잘 닦여요<br>
향도 좋아서 계속 후기써야지 생각했다가 드뎌 쓰네요<br>
천연펄프라 좋고 먼지 안나고 <br>
휴지 알러지? 있는데 요건 너무 좋아요<br>
앞으로 계속 쓰려구요
                    
                </div>",,
안이슬 ,2020.07.13,"코디 3겹 로맨틱 코튼 천연펄프 롤화장지 27m, 30롤, 1팩",,"<div class=""sdp-review__article__list__review__content js_reviewArticleContent"">
                    
                        두께도 적당하고 엠보가 있어서 두툼한 느낌이에요<br>
반려견때문에 화장지를 많이 쓰는 사람으로써 저렴한 가격에 오래쓸 수 있을것 같아서 너무 좋습니다~ 외부포장은 안되어 있지만 안전하게 배송해주셔서 감사합니다^^
                    
                </div>",,
이삐달덩이 ,2018.12.18,"코디 3겹 로맨틱 코튼 천연펄프 롤화장지 27m, 30롤, 1팩",,"<div class=""sdp-review__article__list__review__content js_reviewArticleContent"">
                    
                        먼지가 눈에띄게 나지도 않고 불변하지도 않은거 보니<br>
먼지가 별로 없는거 같아요ㅎㅎ<br>
그리고 촉감이 부드럽구요 <br>
배송에 문제가 생겨 배송완료에 물건은 없었지만<br>
늦게나마 받아보니 물건은 좋네요<br>
재구매의사 있어요 이것만 살래요
                    
                </div>",,
이*진 ,2019.04.01,"코디 3겹 로맨틱 코튼 천연펄프 롤화장지 27m, 30롤, 1팩",,"<div class=""sdp-review__article__list__review__content js_reviewArticleContent"">
                    
                        와.이사하고받은화장지다쓰고<br>
새로구매하려는데은근가격대가있군요!<br>
너무두껍지도얇지도않고적당한것으로찾다가<br>
쿠팡적립금과쿠폰합쳐3팩에28000구매했습니다<br>
은은한향기도그렇고질도그렇고잘산듯
                    
                </div>",,
박*지 ,2019.07.30,"코디 3겹 로맨틱 코튼 천연펄프 롤화장지 27m, 30롤, 1팩","
                
                    가성비좋음 두께 적당함 배송빠름
                
            ","<div class=""sdp-review__article__list__review__content js_reviewArticleContent"">
                    
                        저렴이 용으로 한번 구매해봤는데<br>
저렴하다고해서 품질이 떨어지거나 하지않네요<br>
양도 적당하고 두께도 보통이에요<br>
가성비 좋은 상품!
                    
                </div>",https://thumbnail9.coupangcdn.com/thumbnails/local/320/image2/PRODUCTREVIEW/201907/30/7140556603522872818/c4fc75fe-5fe4-46e1-bb4f-5c8180e389a4.jpg,https://thumbnail9.coupangcdn.com/thumbnails/local/q-1/image2/PRODUCTREVIEW/201907/30/7140556603522872818/c4fc75fe-5fe4-46e1-bb4f-5c8180e389a4.jpg
이*미 ,2020.08.11,"코디 3겹 로맨틱 코튼 천연펄프 롤화장지 27m, 30롤, 1팩",,"<div class=""sdp-review__article__list__review__content js_reviewArticleContent"">
                    
                        회사에서 쓰려구 주문했어요 <br>
특가인날 샀는데 특가는 아니었어요ㅠㅠㅠ <br>
튼 당장 급해서 샀으니 잘쓰겠습니당 <br>
정리하는데 먼지 조금 날리더라구요 휴지는 도톰하진 않은데 미치게 얇진 않은것 같아요
                    
                </div>",,
김*안 ,2018.10.18,"코디 3겹 로맨틱 코튼 천연펄프 롤화장지 27m, 30롤, 1팩",,"<div class=""sdp-review__article__list__review__content js_reviewArticleContent"">
                    
                        집에 남은 화장지 다 쓰고 이제야 써보내요.<br>
기존에 썼던 #### 와 다르지않은 느낌!!<br>
촉감도 좋고 향도 괜츈하고, 가격도 저렴하니 살림에 보탬이되겠어요.<br>
지금처럼 착한 가격!! 좋은 품질!! 많이 만들어주시고<br>
대박나세요^^
                    
                </div>",,
박*철 ,2018.09.26,"코디 3겹 로맨틱 코튼 천연펄프 롤화장지 27m, 30롤, 1팩","
                
                    코디는 최고에요
                
            ","<div class=""sdp-review__article__list__review__content js_reviewArticleContent"">
                    
                        역시 코디네요<br>
항상 잘쓰고 있습니다<br>
화장지는 큰 차이 느끼기 어려운데<br>
코디 제품은 항상 묵직하고<br>
사용시 먼지 날림이나 눅눅해짐<br>
이런게 확실히 다르더라구요<br>
계속 좋은 제품 기대합니다
                    
                </div>",,
강*원 ,2021.03.21,"코디 3겹 로맨틱 코튼 천연펄프 롤화장지 27m, 30롤, 1팩",,"<div class=""sdp-review__article__list__review__content js_reviewArticleContent"">
                    
                        부들부들 보들보들은 아니고 부들한데 뻣뻣한듯하고 애매한 느낌이에요
                    
                </div>",,
이*미 ,2021.02.07,"코디 3겹 로맨틱 코튼 천연펄프 롤화장지 27m, 30롤, 1팩",,"<div class=""sdp-review__article__list__review__content js_reviewArticleContent"">
                    
                        코튼이라 그런지 부드럽네요.<br>
인위적 향이 없어 좋아요.<br>
처음 쓰려고 뜯을때 잘 안되고 뜯겨서 <br>
새것 쓸때마다 불편해요
                    
                </div>",,
김*주 ,2019.02.24,"코디 3겹 로맨틱 코튼 천연펄프 롤화장지 27m, 30롤, 1팩",,"<div class=""sdp-review__article__list__review__content js_reviewArticleContent"">
                    
                        아직 사용전이라 다른건 모르겠고 라벤더향이 난다고해서 구매했는데 향이라고는 1도 안나네요 아무리 코를박고 맡아봐도 정말 아~~무 냄새도 안나요<br>
오래된 재고품이라 향이 전부 날라갔나봐요
                    
                </div>",,
한*이 ,2018.11.25,"코디 3겹 로맨틱 코튼 천연펄프 롤화장지 27m, 30롤, 1팩",,"<div class=""sdp-review__article__list__review__content js_reviewArticleContent"">
                    
                        한예지만 쭉써오다가 한예지 가격 너무오르고 그가격에 그품질이라면 별로인거같아서 갈아탑니다. <br>
이휴지 대박좋아요. 멈지도없고 .<br>
제발 가격 엄청올리지마기고 품질도 유지해주셨으면 좋겟어요 ㅃ
                    
                </div>",,
박*정 ,2020.03.24,"코디 3겹 로맨틱 코튼 천연펄프 롤화장지 27m, 30롤, 1팩",,"<div class=""sdp-review__article__list__review__content js_reviewArticleContent"">
                    
                        리뉴얼 제품기대하고 주문했는데<br>
구.제품이 왔어요.. <br>
그것도 2019년 7월 제조한 상품으로ㅡㅡ;;; <br>
1년 다되가는 상품이라 그런지 향기도 별로 안 나네요ㅡㅡ;;;<br>
13000원 주고 사기엔 비싼감이...
                    
                </div>",,
여보세에용 ,2019.11.19,"코디 3겹 로맨틱 코튼 천연펄프 롤화장지 27m, 30롤, 1팩",,"<div class=""sdp-review__article__list__review__content js_reviewArticleContent"">
                    
                        가격 대비해서 상품이 좋아서 샀습니다.<br>
평이 많은 것도 있었구요<br>
그냥 휴지향이 아닌 라벤더 향이 나는게 좋았고<br>
<br>
두껍게 말아 변기에 넣어도 막힘없이 잘쓰고 있습니다~<br>
이제 6롤 남았네요
                    
                </div>",,
김*영 ,2021.01.13,"코디 3겹 로맨틱 코튼 천연펄프 롤화장지 27m, 30롤, 1팩","
                
                    좋지만...재구매는 글쎄요...
                
            ","<div class=""sdp-review__article__list__review__content js_reviewArticleContent"">
                    
                        두껍고..단단한 느낌인데...사용감은 부드러움<br>
먼지 적은게 장점! 화장지는 한 롤당 적은양이 감겨있는 느낌?
                    
                </div>",,
김*진 ,2019.11.23,"코디 3겹 로맨틱 코튼 천연펄프 롤화장지 27m, 30롤, 1팩",,"<div class=""sdp-review__article__list__review__content js_reviewArticleContent"">
                    
                        부드럽고<br>
도톰하고<br>
재생이아닌<br>
천연펄프라 <br>
믿을수있고<br>
특히 제가 이제품을<br>
선호하는건<br>
먼지가 나지 않고<br>
물에도 빨리녹아<br>
변기막힐일이 전혀없어<br>
좋아요<br>
참고로<br>
전<br>
코디를 신뢰합니다
                    
                </div>",,
박*주 ,2019.08.21,"코디 3겹 로맨틱 코튼 천연펄프 롤화장지 27m, 30롤, 1팩",,"<div class=""sdp-review__article__list__review__content js_reviewArticleContent"">
                    
                        싼게 비지떡이라고 휴지가 두겹으로 나뉘어지고 손에 물기가 조금이라도 있으면 휴지가 손에 달라붙어서 손을 다시 씻어야하고 .. 휴지지만 휴지의 제 역할을 전혀 못하는 휴지라고 보시면 됩니다.
                    
                </div>",,
Lieblings ,2021.01.14,"코디 3겹 로맨틱 코튼 천연펄프 롤화장지 27m, 30롤, 1팩","
                
                    자주 구입해요
                
            ","<div class=""sdp-review__article__list__review__content js_reviewArticleContent"">
                    
                        먼지 적고 도톰해서 정착한 제품<br>
요즘 점점 롤이 성기게 말려있는 느낌이라 아쉬움<br>
<br>
12,150원에 구입했어요
                    
                </div>",,
유*화 ,2020.05.17,"코디 3겹 로맨틱 코튼 천연펄프 롤화장지 27m, 30롤, 1팩",,"<div class=""sdp-review__article__list__review__content js_reviewArticleContent"">
                    
                        엄청 좋지도 나쁘지도 않고 싼 롤휴지에 비하면 거의 실크수준이지만 조금 더 저렴하고 비슷한 느낌의 휴지를 찾아봐야겠어요ㅠ 향기도 1초면 다 없어짐~~~~~~~처음부터 향기가 거의 무향수준임
                    
                </div>",,
홀륄롹 ,2019.08.04,"코디 3겹 로맨틱 코튼 천연펄프 롤화장지 27m, 30롤, 1팩","
                
                    가정용 휴지로는 이제품이 짱
                
            ","<div class=""sdp-review__article__list__review__content js_reviewArticleContent"">
                    
                        후지가 3겹이고, 닦아도 피부가 쓸리거나 아프지 않아요.<br>
라벤더 향도 은은히 나서 순간적인 불쾌감도 없이 좋고<br>
가성비 측면에서도 화장실 휴지로는 이게 좋은듯
                    
                </div>",,
박*영 ,2019.03.12,"코디 3겹 로맨틱 코튼 천연펄프 롤화장지 27m, 30롤, 1팩",,"<div class=""sdp-review__article__list__review__content js_reviewArticleContent"">
                    
                        냄새가 강한건아니고요 살짝나요<br>
크리넥.쓰다가 배꿨는데 가격면에서 이게싸고 괜찮은듯<br>
먼지는 좀나는편이구요 싼맛에 막쓰기도좋아요
                    
                </div>",https://thumbnail10.coupangcdn.com/thumbnails/local/320/image2/PRODUCTREVIEW/201903/12/8520047088691471473/15f05e81-6dfa-4a5a-a22f-180892881efd.jpg,https://thumbnail10.coupangcdn.com/thumbnails/local/q-1/image2/PRODUCTREVIEW/201903/12/8520047088691471473/15f05e81-6dfa-4a5a-a22f-180892881efd.jpg
콩하우스3 ,2020.12.10,"코디 3겹 로맨틱 코튼 천연펄프 롤화장지 27m, 30롤, 1팩",,"<div class=""sdp-review__article__list__review__content js_reviewArticleContent"">
                    
                        지난번에 첫구매후 두번째 구매예요.<br>
가격대비적으로 훌륭해요.<br>
먼지날림도 적고~ 향도 이질적이지 않고<br>
두께도 적당하고 넘 좋아서 재구매요^^
                    
                </div>",,
김*롱 ,2020.04.07,"코디 3겹 로맨틱 코튼 천연펄프 롤화장지 27m, 30롤, 1팩",,"<div class=""sdp-review__article__list__review__content js_reviewArticleContent"">
                    
                        개인적으로 기존에 크리넥* 보다 좋은 것 같아요.<br>
크리넥*은 부드러웠지만 얇았고<br>
이 제품은 부드러움은 덜 했지만 두꺼웠어요.<br>
가격도 더 저렴하구요.<br>
재주문하러갑니당 총총총ㅎㅎ
                    
                </div>",,
전*정 ,2018.11.06,"코디 3겹 로맨틱 코튼 천연펄프 롤화장지 27m, 30롤, 1팩",,"<div class=""sdp-review__article__list__review__content js_reviewArticleContent"">
                    
                        향이 좋다는 리뷰보고 구매하였지만 받고나서 후회했네요.향도 생각만큼 진하지도않고 두께도 그닥 두껍다는 생각은 않들고 걍 쓰던거 쓰는게 젤 좋은거같아요.재구매는 안하고싶어요.
                    
                </div>",,
정*희 ,2020.08.11,"코디 3겹 로맨틱 코튼 천연펄프 롤화장지 27m, 30롤, 1팩","
                
                    도톰해요
                
            ","<div class=""sdp-review__article__list__review__content js_reviewArticleContent"">
                    
                        음...  포장지가 너무예뻤어요.. 고급져보이고.. <br>
그런데<br>
뜯어서 1개를  꺼냈는데 먼지가.. .ㅠㅠ 끝부분 컷팅이 잘안된거 같아요<br>
화장실에 걸어서 사용하는데 도톰하니 좋아요..
                    
                </div>",,
지*숙 ,2018.11.26,"코디 3겹 로맨틱 코튼 천연펄프 롤화장지 27m, 30롤, 1팩",,"<div class=""sdp-review__article__list__review__content js_reviewArticleContent"">
                    
                        기존에 쓰던화장지도 남았는데  겉포장지가 너무 예뻐서 기대감이 생기고  가격도 저렴해서 구입하게 됐다  우선 하나를 사용해보니 후회...<br>
부드럽고 무늬도 쾒찮는데  너무 얇게 느껴진다
                    
                </div>",,
최*미 ,2020.12.27,"코디 3겹 로맨틱 코튼 천연펄프 롤화장지 27m, 30롤, 1팩","
                
                    기왕 하는거 향 좋은걸로
                
            ","<div class=""sdp-review__article__list__review__content js_reviewArticleContent"">
                    
                        비염이라 코 풀때 휴지 향 안좋으면 거슬리더라고요<br>
돈이 좀더 들어도 향좋고 3겹 만 써요. 무향도 가끔♡
                    
                </div>",,
신*임 ,2018.11.09,"코디 3겹 로맨틱 코튼 천연펄프 롤화장지 27m, 30롤, 1팩","
                
                    좋네요
                
            ","<div class=""sdp-review__article__list__review__content js_reviewArticleContent"">
                    
                        부드럽고 휴지안 꽃그림도 이뻐요.<br>
향은 코 가까이 대야지만 아주 미세하게 나는듯 싶고요.<br>
백색이라 깔끔합니다.<br>
가격대도 나쁘지 않고 너무두껍지도 얇지도 않고 적당한듯.
                    
                </div>",,
앙팡3 ,2019.08.06,"코디 3겹 로맨틱 코튼 천연펄프 롤화장지 27m, 30롤, 1팩","
                
                    부드러운 종이재질은 아님
                
            ","<div class=""sdp-review__article__list__review__content js_reviewArticleContent"">
                    
                        약간의 향기가 휴지에 코를 대면 나는 정도<br>
그렇게 많이 안난다.<br>
생각보다 휴지가 좀 뭐랄까 부드러운 재질은 아니다.<br>
그냥 향기가 궁금해서 사 봄.
                    
                </div>",,
탈*원 ,2018.12.29,"코디 3겹 로맨틱 코튼 천연펄프 롤화장지 27m, 30롤, 1팩","
                
                    재구매 의사 있습니다 좋아요
                
            ","<div class=""sdp-review__article__list__review__content js_reviewArticleContent"">
                    
                        화장지가 똑 떨어져서 급하게 주문했는데 다음날 잘 도착했구요 몇 개 비교해보고 구매했는데 선택을 잘 한 것 같아요 도톰하니 부드럽고 좋아요
                    
                </div>",,
일일일팡 ,2020.08.19,"코디 3겹 로맨틱 코튼 천연펄프 롤화장지 27m, 30롤, 1팩","
                
                    엄청 부드러워여
                
            ","<div class=""sdp-review__article__list__review__content js_reviewArticleContent"">
                    
                        골드박스 만몇백원에 떠서 샀는데<br>
<br>
기존에 쓰던 쿠팡 휴지보다 더 부드러워여<br>
<br>
대신 먼지는 좀 더 있는거 같지만<br>
<br>
크게 신경쓸 정도는 아니네여
                    
                </div>",,
이*창 ,2018.10.17,"코디 3겹 로맨틱 코튼 천연펄프 롤화장지 27m, 30롤, 1팩","
                
                    아이한테 좋아요 ^_^
                
            ","<div class=""sdp-review__article__list__review__content js_reviewArticleContent"">
                    
                        아이가 있어서 어떤화장지를 구매할까 고민중에 새로운 제품이 있어서 구매했네요 <br>
<br>
부드럽고 향도 좋아서 만족스럽네요 ~<br>
<br>
정기배송으로 구매계획입니다. ~
                    
                </div>",,
마린G ,2020.03.19,"코디 3겹 로맨틱 코튼 천연펄프 롤화장지 27m, 30롤, 1팩",,"<div class=""sdp-review__article__list__review__content js_reviewArticleContent"">
                    
                        화면속 핑크는 아니고 기존 라벤더네요?<br>
쓰던거라 별거는 없지만<br>
가격도 올라서 다른제품으로 바뀌는 줄알았는데<br>
기존제품이긴 하네요<br>
재질 향 문제 없어요
                    
                </div>",,
장*정 ,2019.02.19,"코디 3겹 로맨틱 코튼 천연펄프 롤화장지 27m, 30롤, 1팩",,"<div class=""sdp-review__article__list__review__content js_reviewArticleContent"">
                    
                        질이 나쁘지 않아요<br>
그런데 아주 고급진 느낌은 아닌 일반적인 3겹이구요<br>
사용하는데 무리 없지만 엄청 부드러운 느낌의 제품 쓰다가 쓰니 조금 비교가 되긴합니다
                    
                </div>",,
Jhsf ,2020.12.22,"코디 3겹 로맨틱 코튼 천연펄프 롤화장지 27m, 30롤, 1팩",,"<div class=""sdp-review__article__list__review__content js_reviewArticleContent"">
                    
                        다른제품이 온줄 알았어요.<br>
내용물은 동일하다고 되어있지만 썩 기분좋은 구매는 아니네요. 향도 그저 그래요.
                    
                </div>",,
강*미 ,2019.04.04,"코디 3겹 로맨틱 코튼 천연펄프 롤화장지 27m, 30롤, 1팩","
                
                    쏘쏘
                
            ","<div class=""sdp-review__article__list__review__content js_reviewArticleContent"">
                    
                        두번째 정기배송!<br>
저번보다는 향이 좀 짙게 잇다<br>
난 향이 잇는걸 선호하는지라 ㅋㅋ<br>
좀더 향이 짙엇음 하지만 요것도 저번에비하면 훨씬나은듯.<br>
적당한 두께감인듯.
                    
                </div>",,
김*란 ,2019.07.23,"코디 3겹 로맨틱 코튼 천연펄프 롤화장지 27m, 30롤, 1팩",,"<div class=""sdp-review__article__list__review__content js_reviewArticleContent"">
                    
                        향도 좋고 한데요.<br>
너ㅡ무 휴지 질이 잘 찢어지는 재질인거 같아요.<br>
좀 두꺼운 감 치고는 잘 찢어지는?<br>
흡수력이 좋으니까 잘 찢어지는거 같아요.<br>
저는 좀 별로였습니다.
                    
                </div>",,
학원구매자 ,2018.11.04,"코디 3겹 로맨틱 코튼 천연펄프 롤화장지 27m, 30롤, 1팩","
                
                    굿
                
            ","<div class=""sdp-review__article__list__review__content js_reviewArticleContent"">
                    
                        먼지가 많이 있는상태로 배송되었지만 안전하게 배송 됨<br>
<br>
싼가격에 많이 들어있어 학원이나 많이 사용하는곳에서 추천!!!<br>
<br>
가격만 싸다면 정기적으로 구매할듯
                    
                </div>",,
꼼지반짝 ,2020.11.07,"코디 3겹 로맨틱 코튼 천연펄프 롤화장지 27m, 30롤, 1팩","
                
                    한번쓰고 버리는 휴지 이정도면 딱
                
            ","<div class=""sdp-review__article__list__review__content js_reviewArticleContent"">
                    
                        그냥 휴지는 적당히 도톰하고<br>
적당히 많이 들어있으면<br>
다 좋은듯<br>
<br>
휴지먼지는 좀 있네요ㅠㅠ
                    
                </div>",,
엄*천 ,2019.01.16,"코디 3겹 로맨틱 코튼 천연펄프 롤화장지 27m, 30롤, 1팩",,"<div class=""sdp-review__article__list__review__content js_reviewArticleContent"">
                    
                        획실히 기본 쓰던것에 비해<br>
제질이 확연히 다르네요<br>
진짜 3겹인지 얇아도 너무 얇고<br>
절개선이 맞지않은 상품도 있고<br>
그냥쓰던 크리넥스 이용할까 싶네요
                    
                </div>",,
안*옥 ,2018.12.07,"코디 3겹 로맨틱 코튼 천연펄프 롤화장지 27m, 30롤, 1팩",,"<div class=""sdp-review__article__list__review__content js_reviewArticleContent"">
                    
                        행사하길래 구매했어요!<br>
너무 두껍지않고 그렇다고 너무얇지않고 무난하게 사용할수<br>
있는 제품이에요
                    
                </div>",https://thumbnail8.coupangcdn.com/thumbnails/local/320/image2/PRODUCTREVIEW/201812/7/6062604372452794863/e1e40719-eaff-4d68-aa58-491873436a7e.jpg,https://thumbnail8.coupangcdn.com/thumbnails/local/q-1/image2/PRODUCTREVIEW/201812/7/6062604372452794863/e1e40719-eaff-4d68-aa58-491873436a7e.jpg
이*희 ,2019.03.14,"코디 3겹 로맨틱 코튼 천연펄프 롤화장지 27m, 30롤, 1팩",,"<div class=""sdp-review__article__list__review__content js_reviewArticleContent"">
                    
                        배송 짱 빠름!<br>
향이 있어서 구매를 망설였는데<br>
막상 써보니 진하지 않고 은은하게 나서 좋아요<br>
두께도 적당히 도톰하고 한 롤당 길이도 길어서 정말 좋네요
                    
                </div>",,
임*정 ,2020.12.29,"코디 3겹 로맨틱 코튼 천연펄프 롤화장지 27m, 30롤, 1팩",,"<div class=""sdp-review__article__list__review__content js_reviewArticleContent"">
                    
                        저렴한편이라 안좋을까바 걱정했는데 생각보다 두툼해서 괜찮네요 먼지는<br>
적은편이예요
                    
                </div>",,
김*경 ,2018.11.19,"코디 3겹 로맨틱 코튼 천연펄프 롤화장지 27m, 30롤, 1팩","
                
                    재구매의사는 없습니다
                
            ","<div class=""sdp-review__article__list__review__content js_reviewArticleContent"">
                    
                        30미터 쓰다 27미터 구매했더니 엉성하게 감겨있어 마음에 안드네요<br>
먼지도 많은것같고ᆢ<br>
가격은 그리 싼것도 아니에요ㆍ
                    
                </div>",,
김*람 ,2020.12.27,"코디 3겹 로맨틱 코튼 천연펄프 롤화장지 27m, 30롤, 1팩",,"<div class=""sdp-review__article__list__review__content js_reviewArticleContent"">
                    
                        오 ~ 쿠폰 할인으로 저렴하게 구입 했어요  시기가 딱맞아서 &lt;  나이스한 가격에 만날수 있었네요 ~^^
                    
                </div>",,
공*미 ,2020.09.22,"코디 3겹 로맨틱 코튼 천연펄프 롤화장지 27m, 30롤, 1팩","
                
                    so so
                
            ","<div class=""sdp-review__article__list__review__content js_reviewArticleContent"">
                    
                        생각보다 얇아요<br>
할인해서 샀는데 정가주고는 안살것 같아요<br>
할인가로 따지면 가성비는 하면 어느정도 만족입니다.
                    
                </div>",,
박*희 ,2019.11.09,"코디 3겹 로맨틱 코튼 천연펄프 롤화장지 27m, 30롤, 1팩",,"<div class=""sdp-review__article__list__review__content js_reviewArticleContent"">
                    
                        재생제품을 사용하다 요 천연펄프제품 사용해보니 만족스러워 계속 재구매하는중....<br>
어제보다 나은 내일이 되도록 초심으로 홧팅하시길~!
                    
                </div>",,
최*정 ,2020.04.03,"코디 3겹 로맨틱 코튼 천연펄프 롤화장지 27m, 30롤, 1팩",,"<div class=""sdp-review__article__list__review__content js_reviewArticleContent"">
                    
                        착한 가격에 빠른배송이 먼저 마음에 듭니다.<br>
화장지가 보드랍고 좋아서 자꾸 구매합니다.집까지 잘 가저다 주니 너무 좋아요<br>
적극 추천합니다.
                    
                </div>",,
신*아 ,2019.03.06,"코디 3겹 로맨틱 코튼 천연펄프 롤화장지 27m, 30롤, 1팩",,"<div class=""sdp-review__article__list__review__content js_reviewArticleContent"">
                    
                        더더 두껍고 부드러운 것 사고 싶었는데 <br>
겉무늬만 보고 도톰한 화장지랑 같다고 생각했어요. <br>
안 짱짱해서 아쉬워요 ㅠㅠ 그냥 제값주고 산 느낌이네요.
                    
                </div>",,
김*영 ,2018.11.01,"코디 3겹 로맨틱 코튼 천연펄프 롤화장지 27m, 30롤, 1팩",,"<div class=""sdp-review__article__list__review__content js_reviewArticleContent"">
                    
                        기존에 쓰던 3겹보다 두께감은 좀더 얇은데, 전 이게 더 좋으네요.<br>
너무 두꺼운건 화장실용으로 좀 아까울 정도 였어서요.<br>
이 정도가 좋은것 같아요.
                    
                </div>",,
이*훈 ,2018.09.28,"코디 3겹 로맨틱 코튼 천연펄프 롤화장지 27m, 30롤, 1팩",,"<div class=""sdp-review__article__list__review__content js_reviewArticleContent"">
                    
                        배송도 빠르고 이 휴지는 처음 쓰는데 향도 좋고 부드럽네요<br>
앞으로 계속 사용해도 될 듯 합니다~~
                    
                </div>",https://thumbnail6.coupangcdn.com/thumbnails/local/320/image2/PRODUCTREVIEW/201809/28/5608697573976702712/6309375f-103a-4114-8fe0-93e1180c20a9.jpg,https://thumbnail6.coupangcdn.com/thumbnails/local/q-1/image2/PRODUCTREVIEW/201809/28/5608697573976702712/6309375f-103a-4114-8fe0-93e1180c20a9.jpg
선*정 ,2020.06.04,"코디 3겹 로맨틱 코튼 천연펄프 롤화장지 27m, 30롤, 1팩",,"<div class=""sdp-review__article__list__review__content js_reviewArticleContent"">
                    
                        물컹물컹 말다가 말았는지.갯수만30개지 제대로 감아놓으면 15개수량 밖에 안할듯요.눈속임이 심한듯.역시 싼데는 이유가 있네요.
                    
                </div>",,
고*라 ,2018.11.08,"코디 3겹 로맨틱 코튼 천연펄프 롤화장지 27m, 30롤, 1팩",,"<div class=""sdp-review__article__list__review__content js_reviewArticleContent"">
                    
                        일단 부드러워요긍데 살짝 습기먹은? 그런 촉감이구<br>
두께는 생각보단 얇고 라벤더향은 코에 갖다대야 진하구 은은하게 퍼지는 느낌은없네요^^;;;
                    
                </div>",,
신*진 ,2020.04.25,"코디 3겹 로맨틱 코튼 천연펄프 롤화장지 27m, 30롤, 1팩",,"<div class=""sdp-review__article__list__review__content js_reviewArticleContent"">
                    
                        선물용으로 샀는데 그냥 휴지만 달랑오네요<br>
마트에서 다시싰어요ㅠㅠ뭐라듀 싸서보내지<br>
다른건 큰상자에도 잘 낳어보네면사 나무하네요
                    
                </div>",,
보고사 ,2020.08.31,"코디 3겹 로맨틱 코튼 천연펄프 롤화장지 27m, 30롤, 1팩","
                
                    최고의화장실휴지
                
            ","<div class=""sdp-review__article__list__review__content js_reviewArticleContent"">
                    
                        딱쓰기적당한부드러움...<br>
딱쓰기적당한내구도...<br>
좋아요~
                    
                </div>",https://thumbnail10.coupangcdn.com/thumbnails/local/320/image2/PRODUCTREVIEW/202008/31/5730614629029764667/c1151e28-9d3a-42a0-abb1-6943c574a722.jpg,https://thumbnail10.coupangcdn.com/thumbnails/local/q-1/image2/PRODUCTREVIEW/202008/31/5730614629029764667/c1151e28-9d3a-42a0-abb1-6943c574a722.jpg
